about_me,label,contact details,non_alpha_density,high_density_clusters,language,intermixed_words
AÔ∏áÔ∏ÜÔ∏àlÔ∏áÔ∏ÜÔ∏àlÔ∏áÔ∏ÜÔ∏à Ô∏áÔ∏ÜÔ∏àmÔ∏áÔ∏ÜÔ∏àyÔ∏áÔ∏ÜÔ∏à Ô∏áÔ∏ÜÔ∏àsÔ∏áÔ∏ÜÔ∏àeÔ∏áÔ∏ÜÔ∏àxÔ∏áÔ∏ÜÔ∏àyÔ∏áÔ∏ÜÔ∏à Ô∏áÔ∏ÜÔ∏àpÔ∏áÔ∏ÜÔ∏àhÔ∏áÔ∏ÜÔ∏àoÔ∏áÔ∏ÜÔ∏àtÔ∏áÔ∏ÜÔ∏àoÔ∏áÔ∏ÜÔ∏àsÔ∏áÔ∏ÜÔ∏à Ô∏áÔ∏ÜÔ∏àaÔ∏áÔ∏ÜÔ∏ànÔ∏áÔ∏ÜÔ∏àdÔ∏áÔ∏ÜÔ∏à Ô∏áÔ∏ÜÔ∏àvÔ∏áÔ∏ÜÔ∏àiÔ∏áÔ∏ÜÔ∏àdÔ∏áÔ∏ÜÔ∏àeÔ∏áÔ∏ÜÔ∏àoÔ∏áÔ∏ÜÔ∏àsÔ∏áÔ∏ÜÔ∏à Ô∏áÔ∏ÜÔ∏à,1,1,0.75,"['AÔ∏áÔ∏ÜÔ∏àlÔ∏áÔ∏ÜÔ∏àlÔ∏á', 'Ô∏ÜÔ∏à Ô∏áÔ∏ÜÔ∏àmÔ∏áÔ∏ÜÔ∏à', 'yÔ∏áÔ∏ÜÔ∏à Ô∏áÔ∏ÜÔ∏àsÔ∏á', 'Ô∏ÜÔ∏àeÔ∏áÔ∏ÜÔ∏àxÔ∏áÔ∏ÜÔ∏à', 'yÔ∏áÔ∏ÜÔ∏à Ô∏áÔ∏ÜÔ∏àpÔ∏á', 'Ô∏ÜÔ∏àhÔ∏áÔ∏ÜÔ∏àoÔ∏áÔ∏ÜÔ∏à', 'tÔ∏áÔ∏ÜÔ∏àoÔ∏áÔ∏ÜÔ∏àsÔ∏á', 'Ô∏ÜÔ∏à Ô∏áÔ∏ÜÔ∏àaÔ∏áÔ∏ÜÔ∏à', 'nÔ∏áÔ∏ÜÔ∏àdÔ∏áÔ∏ÜÔ∏à Ô∏á', 'Ô∏ÜÔ∏àvÔ∏áÔ∏ÜÔ∏àiÔ∏áÔ∏ÜÔ∏à', 'dÔ∏áÔ∏ÜÔ∏àeÔ∏áÔ∏ÜÔ∏àoÔ∏á', 'Ô∏ÜÔ∏àsÔ∏áÔ∏ÜÔ∏à Ô∏áÔ∏ÜÔ∏à']",unknown,[]
·èï·à≠.emilyqed,1,1,0.09090909090909091,[],unknown,[]
MÔ∏àÔ∏áÔ∏âyÔ∏àÔ∏áÔ∏â Ô∏àÔ∏áÔ∏ârÔ∏àÔ∏áÔ∏âeÔ∏àÔ∏áÔ∏âaÔ∏àÔ∏áÔ∏âlÔ∏àÔ∏áÔ∏â Ô∏àÔ∏áÔ∏âsÔ∏àÔ∏áÔ∏âeÔ∏àÔ∏áÔ∏âxÔ∏àÔ∏áÔ∏âyÔ∏àÔ∏áÔ∏â Ô∏àÔ∏áÔ∏âpÔ∏àÔ∏áÔ∏âiÔ∏àÔ∏áÔ∏âcÔ∏àÔ∏áÔ∏âsÔ∏àÔ∏áÔ∏â Ô∏àÔ∏áÔ∏âhÔ∏àÔ∏áÔ∏âeÔ∏àÔ∏áÔ∏ârÔ∏àÔ∏áÔ∏âeÔ∏àÔ∏áÔ∏â Ô∏àÔ∏áÔ∏â-Ô∏àÔ∏áÔ∏â Ô∏àÔ∏áÔ∏âwÔ∏àÔ∏áÔ∏âwÔ∏àÔ∏áÔ∏âwÔ∏àÔ∏áÔ∏â.Ô∏àÔ∏áÔ∏âsÔ∏àÔ∏áÔ∏âaÔ∏àÔ∏áÔ∏âvÔ∏àÔ∏áÔ∏âmÔ∏àÔ∏áÔ∏â.Ô∏àÔ∏áÔ∏âcÔ∏àÔ∏áÔ∏âlÔ∏àÔ∏áÔ∏âuÔ∏àÔ∏áÔ∏âbÔ∏àÔ∏áÔ∏â,1,1,0.7697368421052632,"['MÔ∏àÔ∏áÔ∏âyÔ∏àÔ∏áÔ∏â Ô∏à', 'Ô∏áÔ∏ârÔ∏àÔ∏áÔ∏âeÔ∏àÔ∏áÔ∏â', 'aÔ∏àÔ∏áÔ∏âlÔ∏àÔ∏áÔ∏â Ô∏à', 'Ô∏áÔ∏âsÔ∏àÔ∏áÔ∏âeÔ∏àÔ∏áÔ∏â', 'xÔ∏àÔ∏áÔ∏âyÔ∏àÔ∏áÔ∏â Ô∏à', 'Ô∏áÔ∏âpÔ∏àÔ∏áÔ∏âiÔ∏àÔ∏áÔ∏â', 'cÔ∏àÔ∏áÔ∏âsÔ∏àÔ∏áÔ∏â Ô∏à', 'Ô∏áÔ∏âhÔ∏àÔ∏áÔ∏âeÔ∏àÔ∏áÔ∏â', 'rÔ∏àÔ∏áÔ∏âeÔ∏àÔ∏áÔ∏â Ô∏à', 'Ô∏áÔ∏â-Ô∏àÔ∏áÔ∏â Ô∏àÔ∏áÔ∏â', 'wÔ∏àÔ∏áÔ∏âwÔ∏àÔ∏áÔ∏âwÔ∏à', 'Ô∏áÔ∏â.Ô∏àÔ∏áÔ∏âsÔ∏àÔ∏áÔ∏â', 'aÔ∏àÔ∏áÔ∏âvÔ∏àÔ∏áÔ∏âmÔ∏à', 'Ô∏áÔ∏â.Ô∏àÔ∏áÔ∏âcÔ∏àÔ∏áÔ∏â', 'lÔ∏àÔ∏áÔ∏âuÔ∏àÔ∏áÔ∏âbÔ∏à']",unknown,[]
N.e.e.d__f.u.n__m.y__S.c..n.i.g.h.t.g.i.r.l.m.e.e.t,1,1,0.5555555555555556,"['.y__S.c...', '..n.i.g.h.', 't.g.i.r.l.']",unknown,['N.e.e.d__f.u.n__m.y__S.c..n.i.g.h.t.g.i.r.l.m.e.e.t']
a-d-d..s-n-a-p>cutebabelucy,1,1,0.32142857142857145,['a-d-d...s-'],unknown,[]
T*e*x*t--S*c--c.u.t.e.b.a.b.e.l.u.c.y=,1,1,0.5384615384615384,"['T*e*x*t---', 'S*c--c.u.t', '.e.b.a.b.e']",unknown,['T*e*x*t--S*c--c.u.t.e.b.a.b.e.l.u.c.y']
me gusta comer me gusta salir me gusta trabajar me gusta estudiar,0,0,0.0,[],unknown,[]
Instagram: @eln3griti,1,1,0.09523809523809523,[],unknown,['eln3griti']
snap rusty47777,1,1,0.0,[],unknown,['rusty47777']
tinder?  :face_with_raised_eyebrow:  ig:isaacc_bu,1,1,0.18181818181818182,[],unknown,['ig:isaacc_bu']
"Lo$e spen$ing time *#tdoors‚Äîwhet$er it@s hiking$ camping, or stargazing.",0,1,0.1388888888888889,[],unknown,"['Lo$e', 'spen$ing', 'tdoors‚Äîwhet$er', 'it@s', 'hiking']"
"solo busco que me traten como una princesa y me vuelvan m√°s caprichosa de lo que soy, busco un papi bueno que me cumpla los caprichos  :kiss_mark: .rn mi Instagram lun4aa.22",1,1,0.024844720496894408,[],es,['lun4aa.22']
buenas tardes yo busco conocer personas yo quiero alguien que me entienda y queme allude en los econ√≥mico porque soy una persona muy pobre pero tampoco soy interesada no me gusta pedirle a nadie y tampoco Nome gusta mentirle Ami pareja,1,0,0.0,[],es,[]
"soy madre soltera tengo un hijo de 13 a√±os, soy auxiliar de enfermer√≠a, hogare√±a, rom√°ntica, fiel, honesta, busco amistad sincera y transparente inicialmente me gustar√≠a encontrar una persona que me ayude econ√≥micamente y si nos entendemos, me gustar√≠a tener una relaci√≥n seria",1,0,0.02527075812274368,[],es,[]
me gustan los hombre mayores y si es posible que me ayude economicamente estoy dispuesta a todo,1,0,0.0,[],es,[]
"amo a mi familia, mis amigas y el amor sincero. ( 0046352016 )",1,1,0.06451612903225806,[],es,[]
"Soy muy divertida , sales only :peach: rnC0ntenido $",1,1,0.06818181818181818,[],es,['onlyüçërnC0ntenido']
Ig frankimeyyrnalguien que me consienta,1,1,0.0,[],es,[]
"Si quiere hablar conmigo enviame un regalito de esos que aparecen al lado del teclado, creeme te llevaras una sorpresa ( busco sugar daddy)",1,0,0.02158273381294964,[],es,[]
plus 52 5 6 1 0 5 7 8 7 3 6 rnrnESCRIBE AL WSP PARA EXPERIMENTAR COSAS NUEVA Y RICAS  :fire:  :smiling_face_with_horns: ,1,1,0.016666666666666666,[],es,[]
"hago contenid0 en internet, fot0s, v1deos y videollamadas",1,0,0.03508771929824561,[],es,"['contenid0', 'fot0s', 'v1deos']"
Instagram yaider22 escriban no tengo premium,1,1,0.0,[],es,['yaider22']
no puedo hablar por aki no tengo premium manden mensaje en mi Facebook q es Ram Polanco,1,1,0.0,[],es,[]
tengo 14 y busco a alguien sensilla y que me ame,1,0,0.0,[],es,[]
holap soy un chico de 16 de Quito sur :3 soy bajo mido 1.58,1,0,0.03389830508474576,[],es,[]
" :red_heart: NO BUSCO PAREJA. :folded_hands: Soy Asilado Pol√≠tico ,RADIESTESISTA , MASAJISTA PRIFESIONAL con t√©cnicas OrientalesEn toda clase de masajes y tratamiento para damas cultas y de mente abierta.  :two_hearts:  ATENCION :Solo QUITO Damas Deseosas de conocimiento nuevo , confidencial con agradables experiencias para armonizar tu entorno energ√©tico LA Comunicaci√≥n UNICAMENTE por  :telephone_receiver:  o porWashap este mi #. 0 9 6 8 7 3.1 7 2 4,,  :fire:  OJO:SI gustas yQUEDO EN VISTO Y SIN RESPUESTA:ELIMIN",1,1,0.03958333333333333,[],es,[]
en realidad ment√≠ a esta app tengo 15 jaja as√≠ que no se si me puedo encontrar a una JAJA,1,0,0.0,[],es,[]
No puedo ver ni escribir mensajes ya que no soy premium. Escr√≠beme 6ocho 9 5 2 8 3 cero1,1,1,0.010309278350515464,[],es,"['6ocho', 'cero1']"
busco relaci√≥n de seria,0,0,0.0,[],es,[]
amante ala m√∫sica salsa y ala coxinar.,0,0,0.02631578947368421,[],es,[]
"Soy una mujer que sabe respetar, con un buen sentido del humor, s√∫per familiar, muy cari√±osa y gentil, me gusta cocinar para las personas que amo, amante del orden.rnQuiero encontrar ese ser amado, ese compa√±ero de vida para formar una linda familia.",0,0,0.032,[],es,[]
"Lo m√°s importante en la vida es la honestidad, por lo tanto soy una mujer sincera en todo momento.rnAmo la paz y no me gustan los conflictos. rnLo m√°s valioso en mi vida: mis hijos.",0,0,0.027624309392265192,[],es,[]
"Me fascina lo espont√°neo, lo leal, lo aut√©ntico, la adrenalina disfrutar cada momento conocer lugares, culturas, bailar, m√∫sica, autos, emprendedor, jam√°s me doy por vencido, me gusta la genuinidad de las personas y soy muy solidario y amable.",0,0,0.04526748971193416,[],es,[]
ciudad actual AREQUIPA // Amo o√≠r los prop√≥sitos de vida y valoro a las personas que son agradecidas y las que se esfuerzan por lograrlo..,0,0,0.03597122302158273,[],es,[]
"Me considero una persona aut√©ntica, con una sonrisa genuina y una risa contagiosa. Me esfuerzo por ser una versi√≥n mejor de m√≠ misma cada d√≠a, y me rodeo de personas que me inspiran y me apoyan, me gu√≠o por valores como la integridad, la resiliencia y la compasi√≥n.",0,0,0.022641509433962263,[],es,[]
Soy cubano peloncito mido 175 de estatura ojos marrones y soy mulato y muy cari√±oso,0,0,0.0,[],es,[]
Me gusta el rock xd y no s√© qu√© es esta wea JAJAJAJArnig mely.blush,0,0,0.014925373134328358,[],es,[]
"soy muy divertida simpatica,me gusta agasajar a las personas,amo estar al aire libre ,me gustan los perros",0,0,0.02830188679245283,[],es,[]
"Dif√≠cil en 500 car√°cteres, pero me gustar√≠a conocer a una mujer que pueda tener la misma visi√≥n de construcci√≥n de una vida en pareja; se que todos somos diferentes y tenemos heridas lo importante es disfrutar el proceso pero sin mentiras, con risas, locuras e irnos conociendo. Si eres de izquierda ser√°n pocas las compatibilidades, hasta eso es importante, as√≠ como el amor por los animales, la naturaleza y la paz. Monogamia 100%, creo en la fidelidad y en la empat√≠a.",0,0,0.025477707006369428,[],es,[]
Amante del soccer y amantes alas pel√≠culas y series,0,0,0.0,[],es,[]
quisera conocer chicas serca de Huntington park para ser amistades.. soy nuevo en este pais,0,0,0.03260869565217391,[],es,[]
"Me gusta mucho hacer ejercicio mantenerme saludable Comer Bn , y Trabajar Tambi√©n",0,0,0.012345679012345678,[],es,[]
"soy divertido no soy atractivo pero tengo lo que muchas personas hermosas no tienen y es coraz√≥n, senti.ientos y VALORES",0,0,0.016666666666666666,[],es,[]
descarguen BADOO que es mucho mejor que esta app,1,0,0.0,[],es,[]
soy de Colombia tengo 17 a√±os  :beaming_face_with_smiling_eyes: ,1,0,0.03225806451612903,[],es,[]
"Me llamo Nevan, tengo 17 a√±os y soy genero fluido. Busco hacer amigas o tal vez una novia  :turtle: ",1,0,0.03296703296703297,[],es,[]
"Somos una pareja buscando una chica q quiera una relaci√≥n estable. Somo cari√±oso, amable,sencillos, no nos gusta las mentiras.",1,0,0.03968253968253968,[],es,[]
Hola estoy disponible en Pereira tu chica trans joven y bonita Michell cumpliendo toda tu fantas√≠a sexuales :money-mouth_face:  :hot_face:  :smiling_face_with_horns: ,1,0,0.02727272727272727,[],es,[]
no hago encuentros pero si te interesa el contenido escribime :smiling_face_with_horns:  :heart_on_fire: ,1,0,0.07575757575757576,[],es,[]
"Soy profe de reiki y tarot,alegre, positiva, tranquila si alguien quiere alguna terapia comunicarse por interno",1,0,0.02702702702702703,[],es,[]
"Apasionada cajera y administradora de casino online  :slot_machine:  :money_bag: , disfruto el dinamismo del mundo digital y las emociones que ofrecen los juegos. Siempre estoy creando nuevos usuarios y asegur√°ndome de que la experiencia sea fluida y divertida. Me encanta conocer gente nueva y compartir risas, as√≠ como aprender sobre sus intereses. Fuera del trabajo, disfruto de una buena pel√≠cula, un paseo por la naturaleza y la m√∫sica en vivo. Busco a alguien con quien compartir aventuras y un buen sentido del humor.",1,0,0.022132796780684104,[],es,[]
"Hola me llamo Angela y luego de la perdida reciente de mi Papa, me a dejado un vacio y necesidad de crear un grupo espiritual, donde se pueda recibir guia y compartir experiencias cercanas a la muerte (ECM) vida luego de la muerte, experiencias paranormales, viajes astrales, y entre otros temas como despertar de conciencia. Etc Porfavor sea respetuoso al escribirme. Gracias  :folded_hands:  :rainbow:  :hamsa:  :magic_wand: ",1,0,0.03412073490813648,[],es,[]
"me encanta el cine , pasear y la fiesta",0,0,0.02564102564102564,[],es,[]
"hola. aqu√≠ buscando lo q no se me ah perdido.. Soy hombre de buen coraz√≥n, en busca de una mujer, que quiera una relaci√≥n bonita",0,0,0.046511627906976744,[],es,[]
y si vamos por un caf√© o una cervezas,0,0,0.0,[],es,[]
"Chico s√∫per amoroso y cari√±oso, amante de un vino a la orilla de la playa  :fire:  :mending_heart:  , me encanta viajar y las aventuras. me gusta Descubrir y ser descubierto, empoderado y so√±ador  :smirking_face:  :green_heart:  :money-mouth_face:  :money-mouth_face: ",0,0,0.07222222222222222,[],es,[]
"Me gustan los perros, escucho todo tipo de musica y me gusta salir a caminar  :smiling_face_with_open_hands: rnhablame al IG:Rodrigonina0511",0,1,0.027522935779816515,[],es,['IG:Rodrigonina0511']
La vida es corta y hay que aprovecharla . de m√≠ Ig Wiz_g_97,0,1,0.05084745762711865,[],es,['Wiz_g_97']
En busca de conexi√≥n real,0,0,0.0,[],es,[]
me encantan las pel√≠culas y amante de los perritos,0,0,0.0,[],es,[]
Ir por un caf√© y una conversaci√≥n,0,0,0.0,[],es,[]
me gusta escuchar m√∫sica bailar practicar deportes,0,0,0.0,[],es,[]
yo soy dominicana mi padre y mi madre se llaman Gregorio y francista,0,0,0.0,[],es,[]
Amantes ala buena comida muchas diversiones,0,0,0.0,[],es,[]
"Me gustan comer, ver pel√≠culas, salir de viaje, ir de compras, jugar videos juegos,",0,0,0.060240963855421686,[],es,[]
Me encanta conocer gente nueva: cuarenta y 8 catorce sesenta y 6 0 1 numero,0,1,0.011627906976744186,[],es,[]
me gusta el deporte,0,0,0.0,[],es,[]
soy deportista sociales hogare√±o no soporto las mentiras,0,0,0.0,[],es,[]
"Tengo 42 a√±os, soy madre de 4 ni√±os, 2 mayores de edad y 2 peque√±os, soy masajista profesional terap√©utica y comerciante",0,0,0.024193548387096774,[],es,[]
Soy un chico extrovertido,0,0,0.0,[],es,[]
"padre de mi bully, trabajando y viviendo.",0,0,0.04878048780487805,[],es,[]
hola soy una mujer umilde y muy buena persona,0,0,0.0,[],es,[]
hola soy Ursula tengo 41 a√±os; soltera tengo 2 hijos soy misionera hace 3 a√±os vivo en bs as soy cocinera . me gustar√≠a conocer a alguin divertido q le guste pasear q le guste las reuniones familiares,0,0,0.01,[],es,[]
trabajador,0,0,0.0,[],es,[]
soy mec√°nico automotriz me gusta cocinar salir a pasear mirar pel√≠culas charlar no me gusta la soledad,0,0,0.0,[],es,[]
me gusta la buena comida y compartir una salida,0,0,0.0,[],es,[]
amante ala naturaleza viajes y muchas cosas divertidas como el f√∫tbol y bailes,0,0,0.0,[],es,[]
"He aqu√≠ mi mi intro: Me encanta hablar de todo tipo de temas, me encantan los animales, sobre todo los gatos, soy muy intensa con laa personas que quiero conocer asi sea solo por amistad, no creo que exista el amor a primera vista, es rid√≠culo, como vas a amar a alguien que ni sabes quien es?, me gusta conocer todo de las personas, y por esto soy muy observadora, me gustan los videojuegos y los postres,y mido 1.60, soy directa y digo groser√≠as mucho. IG:krenyuh",0,1,0.034408602150537634,[],es,[]
"Sinceridad sobre todas las cosas, m√°s cuenta y 8 4 diecis√©is 1 seies 2 treinta y 4 cincuenta",0,1,0.009174311926605505,[],es,[]
"hola Soy madre soltera, te un hijo de un a√±o yo estoy haciendo todo lo posible por el, y ahora mismo no tengo trabajo y quiero encontrar 1, pero a nosotros los j√≥venes casi no nos dan trabajo, otra cosa si no respondo es porque no soy primum y no puedo responder",0,0,0.015151515151515152,[],es,[]
"Me gusta conversar, ver pel√≠culas, viajar, etc",0,0,0.06521739130434782,[],es,[]
no puedo ablar rnaqui les dejo mi instragram chapizza82,0,1,0.0,[],es,['chapizza82']
"por ejemplo,me gusta la m√∫sica, salir con amigos",0,0,0.041666666666666664,[],es,[]
divertido y trabajador,0,0,0.0,[],es,[]
"Me gusta comer bien y hacer deporte, vida al aire libre, prefiero ws once 3 ciento cuarenta y 1 veinticuatro tr",0,1,0.017241379310344827,[],es,[]
amante dela buena comida,0,0,0.0,[],es,[]
"soy amante de la buena comida ,me gusta escuchar su buena musica y salir a trotar",0,0,0.012345679012345678,[],es,[]
Soy un joven tranquilo y amable que busca conocer a mujeres para hacer una amistad,0,0,0.0,[],es,[]
Me gusta salir a pasiar fuera de mi ciudad y conocer nuevos lugares,0,0,0.0,[],es,[]
Buen sentido del humor y soy venezolana,0,0,0.0,[],es,[]
Soy muy divertido xd,0,0,0.0,[],es,[]
me.gusta hacer nuevos amigos tener charlas de muchos temas y.de vez en cuando tomar un caf√© y ir al cine,0,0,0.019230769230769232,[],es,[]
por ejemplo me gusta la ganader√≠a. me gusta las huertas y los animales,0,0,0.014285714285714285,[],es,[]
"Estoy conociendo gente nueva. Soy muy amiguero. Y disfruto de todo: ciudad, playa, monta√±a. Ir al cine, a bailar, a comer algo rico, a explorar lugares nuevos, al teatro, quedarme en casa..rnS√≠ quiero conocer una buena mujer, una compa√±era de vida. S√© que eso toma tiempo. Dios y los poderes del bien me asisten, con esto y con todo. rn Estoy viendo c√≥mo es la din√°mica, por aqu√≠. Parece que sin Premium o VIP no pasa nada. rnMe quedo un rato. Y ya veremos..rn :folded_hands:  :folded_hands: . Bendiciones.",0,0,0.06276150627615062,[],es,[]
Tex –±O78O—≤4„Çâ—á8,1,1,0.0,[],pt,['–±O78O—≤4„Çâ—á8']
sou transexual voce curte? rnmoro no Guaruj√° sp brasil chamem no meu zap,1,0,0.013888888888888888,[],pt,[]
"Ol√°, sou 1 pessoa que gosto de coisas simple, de gente simples,lugares aconchegante e comidas simples ,sei me portar em lugares sofisticados ,mas prefiro a simplicidade,gosto d acampar,1 bom vinho,admirar as estrelas o sol a lua, n√£o sou hip,n√£o fumo,n√£o bebo de vez em quando 1 vinho,mas 1 boa conversa √© demais,sei respeitar os amigos e guardo todos no cora√ß√£o,amo exerc√≠cio f√≠sico,pilates, amo viajar,n√£o suporto cigarro ,se fumar escove os dentes :rolling_on_the_floor_laughing: e por a√≠ vai",0,0,0.04051172707889126,[],pt,[]
"Dona de 1 cora√ß√£o enorme, algu√©m que ainda acredita num mundo onde as pessoas n√£o s√£o rasas, em relacionamentos que valem a pena..ME chama pra gente se conhecer melhor!!",0,0,0.04093567251461988,[],pt,[]
"sou viuva, evang√©lica e gostaria de encontrar pessoas s√©rias, para fazer amizades.",0,0,0.036585365853658534,[],pt,[]
"Decifra-me mais n√£o me conclua,posso te surpreender!! As hist√≥rias mais lindas acontecem com come√ßo,medo e sim!!",0,0,0.07894736842105263,[],pt,[]
trabalho estudo e fa√ßo academia e nos finais de semana vou ao parque fazer caminhada,0,0,0.0,[],pt,[]
Pix=fotinha 1 foto 50 2 fotos 100,1,0,0.030303030303030304,[],pt,[]
Boa noite me chamo isabel sou divorciada tenho 3 filhas todas casadas oque gosto de fazer e pescar enviar-nos rio,0,0,0.008620689655172414,[],pt,[]
"Eu gosto de caminhadas longas, gosto de ir a feira domingo de manh√£, gosto de comer. O resto falo depois.rsrs",0,0,0.03669724770642202,[],pt,[]
boa noite eu quero 1 pessoa que mim fazem muito feliz eu tamb√©m fa√ßo ele feliz tamb√©m n√£o gosto de mentiras quero 1 companheiro legal que podemos passear de m√£o dadas,0,0,0.0,[],pt,[]
"Sou canceriana, 1 pessoa sens√≠vel, intuitiva e emocional. Valorizo a fam√≠lia e os la√ßos afetivos, sou muito protetora e carinhosa com aqueles que amo. Minha conex√£o com a natureza e meu gosto por pedalar refletem minha necessidade de encontrar paz e equil√≠brio em ambientes tranquilos e harmoniosos.",0,0,0.019933554817275746,[],pt,[]
"Gostos das conversas que fazem rir at√© doer, mas amo as conversas que me ensinam algo novo ou que podem mudar meu ponto de vista sobre alguma coisa.rnCampinas/SP",0,1,0.018633540372670808,[],pt,[]
"adoro viajar, trabalhar rngosto de pagode e etc",0,0,0.02127659574468085,[],pt,[]
sou 1 pessoa agrad√°vel,0,0,0.0,[],pt,[]
sou brasileira 1 mulher que trabalha sou calmo 1 mulher que sabe oq que d√° vida,0,0,0.0,[],pt,[]
"Eu tenho 1.75 de altura, gosto de ler de malha√ß√£o de jogar bola no fim de semana, gosto de viajar, e fa√ßo faculdade de psicologia!!",0,0,0.04580152671755725,[],pt,[]
Amo honestidade! sonho embora do Brasil!amo animais..sou muito comunicativa! e qu√≠mica √© respeito √© essencial em 1 encontro! ou relacionamento,0,0,0.04861111111111111,[],pt,[]
–ú–Ω–µ 16 –µ—Å–ª–∏ —Ö–æ—á–µ—à—å –ø–æ–∑–Ω–∞–∫–æ–º–∏—Ç—å—Å—è –ø–∏—à–∏ –º–Ω–µ –≤ –ò–Ω—Å—Ç–∞–≥—Ä–∞–º _apathy_._,1,1,0.0625,[],ru,['_apathy_._']
"–ñ–∏–≤—É –≤ –ê–ª–º–∞—Ç—ã. KZ –ú—É–∂—á–∏–Ω—ã —Ä–∞–¥–∞ –≤–∏–¥–µ—Ç—å –≤–∞—Å —Å—á–∞—Å—Ç–ª–∏–≤—ã–º–∏, –¥–æ–±—Ä—ã–º–∏, –º—É–∂–µ—Å—Ç–≤–µ–Ω–Ω—ã–º–∏, —É–≤–∞–∂–∞—é—â–∏–º–∏ –¥—Ä—É–≥–æ–µ –º–Ω–µ–Ω–∏–µ! –ü—Ä–æ—à—É –ø–∏—Å–∞—Ç—å —Å–ª–æ–≤–∞–º–∏, –∞ –Ω–µ —Å—Ç–∏–∫–µ—Ä–∞–º–∏ :grinning_face_with_sweat: ",0,0,0.06338028169014084,[],ru,[]
–ó–∞ –ª—é–±–æ–π –∫–∏–ø–∏—à—å!rn–Ü–Ω—Å—Ç: __sergeykrivenko_,1,1,0.12195121951219512,[],ru,"['–∫–∏–ø–∏—à—å!rn–Ü–Ω—Å—Ç', '__sergeykrivenko_']"
"–õ—é–±–ª—é —Ü–≤–µ—Ç—ã :cherry_blossom:  :hibiscus:  :sunflower:  :rose:  :tulip:  :blossom:  :bouquet:  :cherry_blossom:  :hibiscus:  :sunflower:  :rose:  :tulip:  :blossom:  :bouquet: –î–Ω–µ–ø—Ä–æ–ø–µ—Ç—Ä–æ–≤—Å–∫, —Ö–æ—á—É –±—ã—Ç—å —Å—á–∞—Å—Ç–ª–∏–≤–æ–π))",0,0,0.2923076923076923,[],ru,[]
"–õ—é–±–ª—é –≥–æ—Ç–æ–≤–∏—Ç—å ,–ü–æ–≥–æ–≤–æ—Ä–∏—Ç—å –≤—ã—Å–ª—É—à–∞—Ç—å .",0,0,0.05263157894736842,[],ru,[]
"–Ø –ª—é–±–ª—é –≤–æ–∑–º–æ–∂–Ω–æ—Å—Ç–∏, –∏ –µ–∑–¥—É –≤–µ—Ä—Ö–æ–º –Ω–∞ –∂–µ–Ω—â–∏–Ω–∞—Ö, –∏ –Ω–∞—Å—ã—â–µ–Ω–∏–µ –∏–º–∏, –∏ –≤–æ–∑–±—É–∂–¥–µ–Ω–∏–µ –º–æ–∏—Ö –æ—Ä–≥–∞–Ω–æ–≤, –∏ –ª—é–±–æ–≤—å, –∏ –Ω–∞—Å–∏–ª–∏–µ, –∏ –ø–æ—Ü–µ–ª—É–∏, –∏ –æ–±–ª–∏–∑—ã–≤–∞–Ω–∏–µ, –∏ —Å–µ–∫—Å, –∏ —Å–æ—Å–∞–Ω–∏–µ, –∏ —Ç–∞–Ω—Ü—ã",1,0,0.060240963855421686,[],ru,[]
"–ú—É–∂ —Ö–æ—á–µ—Ç —Ç—Ä–∞—Ö–Ω—É—Ç—å –º–µ–Ω—è –≥—Ä—É–ø–æ–≤—É—à–∫–æ–π –Ω–∏ —Ä–∞–∑—É –Ω–µ –±—ã–ª–æ, –º–æ–∂–µ—Ç –∫—Ç–æ-—Ç–æ —á—Ç–æ-—Ç–æ –ø–æ–¥—Å–∫–∞–∂–µ—Ç!!?)) –ú–æ–∂–Ω–∞ –∏ –ø–æ—É—á–∞—Å—Ç–≤–æ–≤–∞—Ç—å !!)",1,0,0.09734513274336283,['–∫–∞–∂–µ—Ç!!?))'],ru,[]
—è —Ö–æ—á—É —Ç–µ–±–µ –¥–µ–ª–∞—Ç—å –ø—Ä–∏—è—Ç–Ω–æ –º–µ–∂–¥—É –Ω–æ–≥ –∫—É–Ω–∏ –ª–∏–Ω–≥—É—Å –∫–∏—Å–∫—É –≥–æ–ª—É—é –∫–∏—Å–∫—É –ª–µ–∑–∞—Ç—å –µ–∑—ã–∫–æ–º —Ç–µ–±—è –∞ —Ç—ã —É –º–µ–Ω—è —Å–æ—Å–∞—Ç—å –º–æ–π —á–ª–µ–Ω —Ç–æ–ª—Å—Ç—ã–π –±—É–¥–µ—à—å –¥–µ–ª–∞—Ç—å –ø—Ä–∏—è—Ç–Ω–æ –º–µ–∂–¥—É –Ω–æ–≥ –∏ –∑–∞–Ω–∏–º–∞—Ç—å—Å—è –ª—é–±–æ–≤—å—é —Å–µ–∫—Å–æ–º —Å—Ç–æ–±–æ–π –≤ –∫–∏—Å–∫—É —Ç–≤–æ—é —Ç—Ä–∞—Ö–Ω—É—Ç—å —Ç–µ–±—è,1,0,0.0,[],ru,[]
–ì–æ —Å–µ–∫—Å –ø–æ—Ä–Ω–æ –ø–∏–∑–¥–∞,1,0,0.0,[],ru,[]
–ú–æ–≥—É —Å—Ç–∞—Ç—å —Å–ø–æ–Ω—Å–æ—Ä–æ–º,1,0,0.0,[],ru,[]
–ö—É–∫–æ–ª–¥ –æ—Ç–Ω–æ—à–µ–Ω–∏—è,1,0,0.0,[],ru,[]
–ó–∞–ø–æ—Ä–æ–∂—å–µ.. 0 9 5 6 7 7 8 8 4 3.. –ø–∏—à–∏.. –±—É–¥—É —Å–æ—Å–∞—Ç—å –ø–∏—Å—é —Ç–µ–±–µ..—è —Ç–≤–æ—è —Å–æ—Å–∫–∞  :face_blowing_a_kiss: ,1,1,0.0970873786407767,['... –ø–∏—à–∏..'],ru,[]
–£—Ö—Ö .–ø–æ—à–ª–∏ –≤–µ –Ω–∞ —Ö—É–π..—É–±—å—é—é,1,0,0.10714285714285714,[],ru,[]
–º–Ω–µ 16-17 –ª–µ—Ç,1,0,0.07692307692307693,[],ru,[]
"–∑–¥—Ä–∞–≤—Å—Ç–≤—É–π—Ç–µ –¥–µ–≤—É—à–∫–∏! –º–µ–Ω—è –∑–æ–≤—É—Ç –°–µ—Ä–≥–µ–π!—è –ø—Ä–∞–∫—Ç–∏–∫—É—é—â–∏–π –º–∞—Å—Å–∞–∂–∏—Å—Ç !–Ω–µ –¥–æ—Ä–æ–≥–æ, —Ç–æ–ª—å–∫–æ –≥–æ—Ä–æ–¥ –ö–∏–µ–≤! —Ç–æ–ª—å–∫–æ –≤—ã–µ–∑–¥ –∫ –≤–∞–º –Ω–∞ –¥–æ–º! —Å–µ–∞–Ω—Å 60 –º–∏–Ω.300 –≥—Ä–Ω",1,0,0.04895104895104895,[],ru,['–º–∏–Ω.300']
"–ú—É–∂ –Ω–∞ —á–∞—Å, —É–º–µ—é –¥–µ–ª–∞—Ç—å –≤—Å—ë",1,0,0.037037037037037035,[],ru,[]
"–ú—É–∂ –Ω–∞ —á–∞—Å ) –∏–º–µ—é –∏–Ω—Å—Ç—Ä—É–º–µ–Ω—Ç , –º–æ–≥—É –ø–æ–º–æ—á—å –≤—ã–ø–æ–ª–Ω–∏—Ç—å –Ω–µ–∫–æ—Ç–æ—Ä—É—é —Ä–æ–±–æ—Ç—É inst : oc.t0b3rl1n",1,1,0.045454545454545456,[],ru,['oc.t0b3rl1n']
"–µ#–∫–æ—Ä—Ç, –Ω–µ –¥–æ—Ä–æ–≥–æ",1,0,0.11764705882352941,[],ru,['–µ#–∫–æ—Ä—Ç']
–í–∞—Ç—Ü–∞–ø( –ø–ª—é—Å).(—Å–µ–º—å—Å–æ—Ç —Å–µ–º—å–¥–µ—Å—è—Ç 7.).( 11).(.40 1.).(40 2.).(.–¥–≤–∞–¥—Ü–∞—Ç—å 9.). –ù–∞—Ä–æ–¥–Ω—ã–π –¶–µ–ª–∏—Ç–µ–ª—å –æ–∫–∞–∑—ã–≤–∞—é —Å–≤–æ–∏ —É—Å–ª—É–≥–∏. –ü—Ä–µ–¥—Å–∫–∞–∑–∞–Ω–∏–µ –ü—Ä–æ—à–ª–æ–µ –ù–∞—Å—Ç–æ—è—â–µ–µ –∏ –ë—É–¥—É—â–µ–µ. –ù–∞–ª–∞–∂–∏–≤–∞—é —Å–µ–º–µ–π–Ω—ã–µ –æ—Ç–Ω–æ—à–µ–Ω–∏—è –≤–µ—Ä–Ω—É –ß–µ–ª–æ–≤–µ–∫–∞ –≤ —Å–µ–º—å—é.–ò–∑–±–∞–≤–ª—é –æ—Ç –ø–ª–æ—Ö–∏—Ö –Ω–µ–≥–∞—Ç–∏–≤—ã –°–≥–ª–∞–∑ –ø—Ä–∏–≤–æ—Ä–æ—Ç –æ—Ç–≤–æ—Ä–æ—Ç –ø—Ä–æ–∫–ª—è—Ç–∏—è –ø–æ—Ä—á–∞. –ú–æ–∏ —É—Å–ª—É–≥–∏ –æ—Ñ–∏—Ü–∏–∞–ª—å–Ω—ã–µ –†–∞–±–æ—Ç–∞—é –ø–æ –≤–∞—Ç—Ü–∞–ø—É. –ü–æ —Ñ–æ—Ç–æ –∏–º—è –∏ –≥–æ–¥ —Ä–æ–∂–¥–µ–Ω–∏—è –ø–æ–ª–Ω—ã–π —Ä–∞—Å–∫–ª–∞–¥ –Ω–∞ 100% —Ç–æ—á–Ω–æ—Å—Ç–∏.,1,1,0.07616707616707617,['–∫ –¥–≤–∞.).(.'],ru,[]
"bin f√ºr ein Sextreffen zu haben, wenn du Interesse hast und zeig mein Video",1,0,0.013333333333333334,[],de,[]
REACH OUT ON SNAP: WILD_ONE_XOXO FOR EXCLUSIVE STORIES!,1,1,0.07272727272727272,[],de,['WILD_ONE_XOXO']
"LOVE SPENDING TIME OUTDOORS‚ÄîWHETHER IT'S HIKING, CAMPING, OR STARGAZING.",0,1,0.06944444444444445,[],de,[]
LOOKING FOR LATE-NIGHT FUN ;) ONLY REAL ONES HIT ME UP.,1,1,0.07272727272727272,[],de,[]
LOOKING FOR LATE-NIGHT FUN ;) ONLY REAL ONES HIT ME UP.,1,1,0.07272727272727272,[],de,[]
LOOKING FOR LATE-NIGHT FUN ;) ONLY REAL ONES HIT ME UP.,1,1,0.07272727272727272,[],de,[]
"–ª—é–±–ª—é –º—É–∑–∏–∫—É —ñ –º–∞–ª—é–≤–∞—Ç–∏ –ø—Ö–ø—Ö, –º–æ–∂–ª–∏–≤–æ –Ω–µ –≤–∏–≥–ª—è–¥–∞—é –Ω–∞ —Å–≤—ñ–π –≤—ñ–∫. –®—É–∫–∞—é —Ö–ª–æ–ø—Ü—è —è–∫–∏–π –±—É–¥–µ –∑–∞–±–µ–∑–ø–µ—á—É–≤–∞—Ç–∏ —è–∫ –º—ñ–Ω—ñ–º—É–º :two_hearts: ",1,0,0.02702702702702703,[],uk,[]
–ø–æ —Ñ–∞–∫—Ç—É 17 —Ç–∞–∫ –∫–∞–∫ –Ω–µ –º–æ–≥—É —É–∫–∞–∑–∞—Ç—å –ø–∏—à—É —Ç—É—Ç,1,0,0.0,[],uk,[]
"–õ—é–±–ª—é —Å–ø—ñ–ª–∫—É–≤–∞—Ç–∏—Å—å, –±–∞–≥–∞—Ç–æ —Å–º—ñ—è—Ç–∏—Å—å. –ü—Ä–æ—Å—Ç–∞, –≤—ñ–¥–∫—Ä–∏—Ç–∞. –•–æ–±–±—ñ –≤–æ–ª–µ–π–±–æ–ª, –º—É–∑–∏–∫–∞. –õ—é–±–ª—é –ø–æ—Å–∏–¥—ñ—Ç–∏ –≤ —Ç–∏—à–∏–Ω—ñ..—Å–≤—ñ–π –ø—Ä–æ—Å—Ç—ñ—Ä. –ß–µ—Ä–ø–∞—é —Å–∏–ª–∏ –Ω–∞ –ø—Ä–∏—Ä–æ–¥—ñ)",0,0,0.07746478873239436,[],uk,[]
"–°–ø–æ–∫—ñ–π–Ω–∏–π,–æ–¥–Ω–æ –ª—é–±,–∂—ñ–Ω—Ü—ñ –Ω–µ –∑—Ä–∞–¥–∂—É—é.",0,0,0.08333333333333333,[],uk,[]
–•–æ—á—É –∑–∞–∫–æ—Ö–∞—Ç–∏—Å—è) –û–¥–µ—Å–∞,0,0,0.045454545454545456,[],uk,[]
"–õ—é–±–ª—é –ø–æ–¥–æ—Ä–æ–∂—É–≤–∞—Ç–∏, —Ü—ñ–∫–∞–≤–ª—é—Å—è —Ç–µ–∞—Ç—Ä–æ–º, –∫—ñ–Ω–æ, —ñ—Å—Ç–æ—Ä—ñ—î—é.",0,0,0.07407407407407407,[],uk,[]
—è –ª—é–±–ª—é —Ä—ñ–∑–∞—Ç–∏ –≥–æ–ª–æ–≤–∏ —á–æ–ª–æ–≤—ñ–∫–∞–º,1,0,0.0,[],uk,[]
"–Ø –∑–∞–ø–ª–∞—á—É –∑–∞ —Å–µ–∫—Å—É–∞–ª—å–Ω—ñ —Ñ–æ—Ç–æ —Ç–∞ –≤—ñ–¥–µ–æ. –ú–µ–Ω—ñ –ø–æ–¥–æ–±–∞—é—Ç—å—Å—è ""–Ω–æ—Ä–º–∞–ª—å–Ω—ñ"" –¥—ñ–≤—á–∞—Ç–∞, –Ω–µ –æ–±–æ–≤'—è–∑–∫–æ–≤–æ –±—É—Ç–∏ –º–æ–¥–µ–ª–ª—é. –Ø –ª—é–±–ª—é –ø–æ–ø–∏, –Ω—ñ–∂–∫–∏ —Ç–∞ –º–∏–ª—ñ —à–∫–∞—Ä–ø–µ—Ç–∫–∏",1,0,0.04895104895104895,[],uk,[]
—â–∏—Ä–æ –æ–ø–ª–∞—á—É –Ω—ñ—á –∫–æ—Ö–∞–Ω–Ω—è,1,0,0.0,[],uk,[]
–®—É–∫–∞—é –¥—ñ–≤—á–∏–Ω—É –¥–ª—è –≤—ñ–¥–Ω–æ—Å–∏–Ω —Å–µ–∫—Å–≤–∞–π—Ñ-–∫—É–∫–æ–ª–¥,1,0,0.023809523809523808,[],uk,[]
"–ü—Ä–∏–≤—ñ—Ç, —è HR –º–µ–Ω–µ–¥–∂–µ—Ä, –º–æ–∂—É –∑–∞–ø—Ä–æ–ø–æ–Ω—É–≤–∞—Ç–∏ —Ç–æ–±—ñ –≤–∞–∫–∞–Ω—Å—ñ—é, –º—ñ–π –∫–∞–Ω–¥–∏–¥–∞—Ç –Ω–µ –ø–æ—Ç—Ä–µ–±—É—î –¥–æ—Å–≤—ñ–¥—É —á–∏ —è–∫–∏—Ö–æ—Å—å –æ—Å–æ–±–ª–∏–≤–∏—Ö –∑–Ω–∞–Ω—å. –†–æ–±–æ—Ç–∞ —É –æ—Ñ—ñ—Å—ñ –∞–ª–µ –∑ –∫—Ä—É—Ç–∏–º –≥—Ä–∞—Ñ—ñ–∫–æ–º, —î –¥—É–∂–µ –±–∞–≥–∞—Ç–æ –ø–ª—é—à–æ–∫ —Ç–æ–º—É –¥–∞–≤–∞–π –ø–æ—Å–ø—ñ–ª–∫—É—î–º–æ—Å—å —ñ —è —Ç–æ–±—ñ –≤—Å–µ —Ä–æ–∑–ø–æ–≤—ñ–º) —Ç–≥ Mars_jobss",1,1,0.029411764705882353,[],uk,['Mars_jobss']
"–Ü–Ω—Å—Ç–∞ notdamonanymore –ù–µ—â–æ–¥–∞–≤–Ω–æ –∑–∞–ø—É—Å—Ç–∏–≤ –±—ñ–∑–Ω–µ—Å, —Ç–æ–º—É —à—É–∫–∞—é –¥—ñ–≤—á–∞—Ç :no_one_under_eighteen: (–æ–ø–ª–∞—Ç–∞ –±—ñ–ª—å—à –Ω—ñ–∂ —Å–æ–ª—ñ–¥–Ω–∞) –ó–∞ –≤—Å—ñ—î—é —ñ–Ω—Ñ. –ø–∏—à—ñ—Ç—å –≤ —ñ–Ω—Å—Ç—É :smiling_face_with_smiling_eyes:  PS. —î –º–æ–∂–ª–∏–≤—ñ—Å—Ç—å –ø—Ä–∞—Ü—é–≤–∞—Ç–∏ –±–µ–∑ –ª–∏—Ü—è",1,1,0.0440251572327044,[],uk,[]
"–ø—Ä–∏–≤—ñ—Ç, –∫–æ–≥–æ —Ü—ñ–∫–∞–≤–∏—Ç—å —Ä–æ–±–æ—Ç–∞ –∑ –º–æ–Ω–æ –ø–∏—à–∏—Ç–µ –≤ –ª—Å, –≤—ñ–¥ 1000 –≥—Ä–Ω",1,0,0.03278688524590164,[],uk,[]
" :kiss_mark:  :kiss_mark: I am Angelina by name .. I am new to this this online things and this is the first time I am looking for a Life partner online. I might not be available to reply to your message cos am not a full paid member, so if you are interested and care to communicate, Just Message On My E m a i l Sarahhicks 2 0 1 0 1 at gee mail dot cum I am real and serious about this ..Am online now..Thank You. ?",1,1,0.04834605597964377,[],en,[]
"hi, I am sorry that I am not responding to the message, write to me, I definitely will not miss your message there TG-GRAMM ARIELRYY",1,1,0.1732283464566929,"['here üÜÉüÖ∂-üÖ∂üÜÅ', 'üÖºüÖº üÜÅüÖ∏üÖ¥üÖªüÜÅüÜàüÜà']",en,[]
I am looking for a patient and sincere man to spend my life with.rnTG:KaterynaDudnyk95rnIG:KarinaConfident,1,1,0.0380952380952381,[],en,['with.rnTG:KaterynaDudnyk95rnIG:KarinaConfident']
"Be smart and contact me directly; kisscostaa ,my ID and to figure the network, you would add the first alphabet of the following word in capital, Give , Mute, At, Ink, Love. Let see if you solve it by writing me. Had to Sneak this in lol",1,1,0.04680851063829787,[],en,[]
"HI I am new on this Site, a friend of mine introduced me on Kismia couple months ago, your post are wonderful i do not think we are friends here on Kismia I actually send you a message but eventually it did not go through, please if you do not mind, can you send me a email so that we can be able to communicate more better on Google chat.. what did you think about it??",1,1,0.03278688524590164,[],en,[]
"I do not use this app very often. And I do not buy premium either. If you want to chat with me, you can text me up on this phone number: 3 6 1 2 2 6 3 1 1 1",1,1,0.033707865168539325,[],en,[]
paid vc service,1,0,0.0,[],en,[]
"ig: jacobhopkins369rnWamego. New here. Music producer, love the outdoors. Open to new experiences.",1,1,0.061224489795918366,[],en,['jacobhopkins369rnWamego']
"Looking for a girl bestie to be spicy with, ultimately I ant her to join me and my husband in the bedroom. Goofy, love dark humor & very laid back. Romantic with a dirty side",1,0,0.028735632183908046,[],en,[]
Hay I am a professional in basketball trying to find a real man to be on my side.,0,0,0.025,[],en,[]
just looking to have fun with some cool people,0,0,0.0,[],en,[]
I am a loving n caring person who enjoys cooking n loves going to church ..I am full of life n happiness..I do not have a child yet n I blve god is going to bless me once I have found my soulmate..,0,0,0.061855670103092786,[],en,[]
I am an easy person to get along with.,0,0,0.05405405405405406,[],en,[]
I have not told a numerous people and all them 1 just friends they were strangers too told me that I am a good communicator a good listener and I will tell her from the heart that need my best qualities my everyday qualities,0,0,0.013513513513513514,[],en,[]
I am Samanta joy Q Vergara I am 18 years old I am working at salon I am looking for someone to love me,0,0,0.04081632653061224,[],en,[]
I am easygoing. I love nature. I love photography. I am a car lover and have 2 rescue kutties. twi,0,0,0.04,[],en,[]
"Looking for a like-minded woman who wants to spend time together and enjoy each other's company. I am looking for my best friend, my ride or die. Love music, cars, racing, and I love to laugh and make others do the same. I do not pay for these apps, add me on Snapchat, Recharged2024.",1,1,0.045936395759717315,[],en,['Recharged2024']
I Am 24 looking for somone to hanging out with for me and hubby or just me open to anything,1,0,0.0,[],en,[]
I am a 52 yrs old and I am loving life. I have lost a lot lately but still keep going because I have a purpose here. I love to smile and laugh. And have a heart of gold. But DO NOT hurt me nor try to use me because I am not the 1 to piss off!! I am into alot of different interests involving life in general. Also unfortunately I am a widow 2 times with 3 daughters and my youngest is 11. I am also a grandma 6 times :beaming_face_with_smiling_eyes: ,0,0,0.0387409200968523,[],en,[]
"Hello Gentlemen. there is not a lot to say about me. I love to cook, I love flowers and crafts, and I enjoy cuddling. I love honesty. Communication is very important to me. I will always ask how your day and night are, if I can get you something, or do anything to make it better. I love laughter",0,0,0.03728813559322034,[],en,[]
"Single , hard working Man , love movies , restaurants, road trips, fishing, camping,",0,0,0.08333333333333333,[],en,[]
Very athletic very nice very shy love giving attention I love good food,0,0,0.0,[],en,[]
I am Looking For FWB W A Woman In San Antonio Tx,0,0,0.02127659574468085,[],en,[]
Easy going man.if you are from overseas I am not interested,0,0,0.034482758620689655,[],en,[]
Whatever you want to know just ask I am an open book,0,0,0.0196078431372549,[],en,[]
write me on telegram @JoeGD86,1,1,0.034482758620689655,[],en,['JoeGD86']
I have hash cok weed meth larika Ecstasy and tramadol CBD oil etc plus nine7onefivetwo395seven0seven4,1,1,0.0,[],en,['nine7onefivetwo395seven0seven4']
I am mobile wit it wit da good ticcet :heavy_dollar_sign: i got  :fuel_pump:  :candy:  :pill:  and i am about to shoe plug i have a gf so that is off on here for customers,1,0,0.04504504504504504,[],en,[]
We are a couple looking for single womens to have a lot of fun,1,0,0.0,[],en,[]
we are a couple looking for a woman to have fun with he only wants to watch but if I. feel comfortable and you do we can do other things. I wa na suprise him so if your down for fun get ahold of me. pls only serious messages,1,0,0.013513513513513514,[],en,[]
hi I am filipinamrgaux from Phillipines i am here now in WARSAW POLAND just tourist here if you want too meet me just message me . i am a lady with a dick,1,0,0.013422818791946308,[],en,[]
I am a forex trader also financial analyst crypto investor,1,0,0.017543859649122806,[],en,[]
Crypto currency investment is an investment platform work..where you can invest with your little amount and earn good minimum of what you invest sir.. minimum investment $100.sir,1,0,0.03910614525139665,[],en,['100.sir']
"Works at Black Forex Trading Works at Cryptocurrency // forex experts Works at Bitcoin mining company 100% legit Works at New And Old Legit Bitcoin investment platforms Works at Legit Bitcoin Trading platform Works at Alfred forex and option binary trading Works at Financial Markets & Trading Works at Crypto Trading Works at Von Dax German Shepherds + Lives in Miami, Florida From Dubai, United Arab Emirates See more about Eduardo",1,0,0.016166281755196306,[],en,[]
Umm no weirdos  :loudly_crying_face:  down for 8ball bets and other things hmu,1,0,0.017241379310344827,[],en,['8ball']
HOLA SOY SILVINA TU CAJERA DE LA SUERTE VENI A PROBAR SUERTE A MI CASINO ZEUS CARGAS MINIMAS SIN LIMITE DE APUESTA SI QUERES HAVERTE UN USUARIO DEJAME tu num,1,0,0.0,[],en,[]
Meet rich ladie and beautiful womas that will give you good connections and pays you 6000 every week chat on watsap,1,0,0.0,[],en,[]
I would say I am the happiest person rnI love working outrnI'm 6 feetrnI love doing boxingrnand I really love my friends and family,0,0,0.015384615384615385,[],en,[]
just here for some chatter. it does not take much at all to attract my curiosity.,0,0,0.0375,[],en,[]
"I, married my wife and I are looking for a woman who is into a threesome",1,0,0.013888888888888888,[],en,[]
"am a single honest guy that hates lies , am a very caring guy that respect everyone especially women",0,0,0.01,[],en,[]
"Like to meet people, travel, dance wash movies, good listener I am Spanish from Venezuela became USA citizen love to learn about different cultures respectful.",0,0,0.025157232704402517,[],en,[]
Get to know you will not regret it,0,0,0.03225806451612903,[],en,[]
I love spending weekends hiking and exploring new places. Nature is my happy place!,0,0,0.024096385542168676,[],en,[]
I am a foodie who enjoys cooking and trying out different cuisines. Looking for someone to share recipes with!,0,0,0.027522935779816515,[],en,[]
Passionate about music and photography. Capturing beautiful moments is my thing.,0,0,0.025,[],en,[]
"Hi, I am an artist who loves painting landscapes and animals. Always seeking inspiration from the world around me.",0,0,0.035398230088495575,[],en,[]
Big fan of reading sci-fi novels and binge-watching documentaries. Let us swap recommendations!,0,0,0.05319148936170213,[],en,[]
Hey there! Feel free to reach out to me on Instagram @happytraveler95.,0,1,0.04285714285714286,[],en,['happytraveler95']
Looking forward to meeting cool people! Email me at artlover[dot]123[at]mail[dot]com.,0,1,0.09411764705882353,[],en,['artlover[dot]123[at]mail[dot]com']
I am into photography‚Äîlet us connect! My site is ww.pixbyme.com.,0,1,0.1111111111111111,[],en,[]
Want to collaborate on a project? Drop me a message at john.doe at creativeworks dot org.,0,1,0.033707865168539325,[],en,[]
Catch me on social media‚ÄîTwitter: @_NatureExplorer,0,1,0.08,[],en,['_NatureExplorer']
DM for exclusive content ‚Äî not for the faint of heart ;),1,0,0.05357142857142857,[],en,[]
Looking for something spicy? You will not be disappointed.,1,0,0.05454545454545454,[],en,[]
"Willing to share secrets for a price, if you know what I mean.",1,0,0.03225806451612903,[],en,[]
"If you are into wild experiences, I am the 1 to talk to.",1,0,0.07142857142857142,[],en,[]
Not here to waste time. Ready for some adult fun.,1,0,0.04081632653061224,[],en,[]
Hit me up at 5five5‚Äìtwo22‚Äì3344 for more ;),1,1,0.09523809523809523,[],en,['5five5‚Äìtwo22‚Äì3344']
My email is fun.times [at] hush[dot]com ‚Äî you get the idea.,1,1,0.11864406779661017,[],en,[]
Want To chat? Reach out at jenny_love[dot]me on the gram.,1,1,0.09090909090909091,[],en,['jenny_love[dot]me']
You can find me by searching 'wild vibes 123' on that popular social platform.,1,1,0.038461538461538464,[],en,[]
Interested in exclusive offers? Check ww.secret4u.biz.,1,1,0.07272727272727272,[],en,['ww.secret4u.biz']
"Selling green goodies‚Äîonly serious buyers, no cops.",1,0,0.058823529411764705,[],en,[]
Looking for that special snow that melts your worries away? Let us talk.,1,0,0.04225352112676056,[],en,[]
Need herbal magic? I got you covered. Only DM for the right vibes.,1,0,0.045454545454545456,[],en,[]
"Freelance opportunities‚Äîdiscretion assured, great payouts.",1,0,0.05172413793103448,[],en,[]
"Have some stuff from Amsterdam‚Äî100% pure, hit me up.",1,0,0.07692307692307693,[],en,['Amsterdam‚Äî100']
"Love  :grinning_face_with_sweat: spending  :grinning_face_with_sweat: time  :grinning_face_with_sweat: outdoors‚Äîwhether  :grinning_face_with_sweat: it is  :grinning_face_with_sweat: hiking,  :grinning_face_with_sweat: camping,  :grinning_face_with_sweat: or  :grinning_face_with_sweat: stargazing.",0,1,0.1625,[],en,[]
Che#k#out my page on ww.liv*mu#$cfan.com! Let us connect!,0,1,0.17543859649122806,[],en,"['Che#k#out', 'ww.liv*mu#$cfan.com']"
Looking for lat3-night fun ;) Only r3al on3s hit m3 up.,1,1,0.07272727272727272,[],en,"['lat3-night', 'r3al', 'on3s', 'm3']"
R3ach out on snap: wild_on3_xoxo for 3xclusiv3 stori3s!,1,1,0.07272727272727272,[],en,"['R3ach', 'wild_on3_xoxo', '3xclusiv3', 'stori3s']"
"special herbs from the best sources‚Äîdm only, no questions asked!",1,0,0.046875,[],en,[]
"Love  :thinking_face: spending  :thinking_face: time  :thinking_face: outdoors‚Äîwhether  :thinking_face: it is  :thinking_face: hiking,  :thinking_face: camping,  :thinking_face: or  :thinking_face: stargazing.",0,1,0.1625,[],en,[]
check out my page on ww.livemusicfan.com! let us connect!,0,1,0.08771929824561403,[],en,[]
looking for late-night fun ;) only real ones hit me up.,1,1,0.07272727272727272,[],en,[]
Reach out on snap: wild_one_xoxo for exclusive stories!,1,1,0.07272727272727272,[],en,['wild_one_xoxo']
"Special herbs from the best sources‚ÄîDM only, no questions asked!?!",1,0,0.07575757575757576,[],en,[]
Check out my page on ww.livemusicfan.com! Let us connect!,0,1,0.08771929824561403,[],en,[]
Looking for late-night fun ;) Only real ones hit me up..,1,1,0.10526315789473684,[],en,[]
Reach ##t on snap: #il#_one_xoxo for exclusive storie*!,1,1,0.16363636363636364,[],en,"['il#_one_xoxo', 'storie']"
"SpEcial hErbs from thE bEst sourcEs‚ÄîDM only, no quEstions askEd!",1,0,0.046875,[],en,[]
"Love spending time outdoors‚Äîwhether it is hiking, camping, or stargazing.",0,1,0.06944444444444445,[],en,[]
Check out my page on ww.livemusicfan.com! Let us connect!!,0,1,0.11864406779661017,[],en,[]
Looking  :grinning_face_with_sweat: for  :grinning_face_with_sweat: late-night  :grinning_face_with_sweat: fun  :grinning_face_with_sweat: ;)  :grinning_face_with_sweat: Only  :grinning_face_with_sweat: real  :grinning_face_with_sweat: ones  :grinning_face_with_sweat: hit  :grinning_face_with_sweat: me  :grinning_face_with_sweat: up.,1,1,0.2153846153846154,[],en,[]
Reach out on snap: wild_one_xoxo for exclusive stories!!,1,1,0.08928571428571429,[],en,['wild_one_xoxo']
"Spe*i#l herbs #r#m the best so*rces‚ÄîDM only, no questions#asked!",1,0,0.140625,[],en,"['Spe*i#l', 'r#m', 'so*rces‚ÄîDM', 'questions#asked']"
"Love spending time outdoors‚Äîwhether it is hiking, camping, or stargazing.!",0,1,0.0821917808219178,[],en,[]
Check  :grinning_face_with_sweat: out  :grinning_face_with_sweat: my  :grinning_face_with_sweat: page  :grinning_face_with_sweat: on  :grinning_face_with_sweat: ww.livemusicfan.com!  :grinning_face_with_sweat: Let us  :grinning_face_with_sweat: connect!,0,1,0.1875,[],en,[]
looking for late-night fun ;) only real ones hit me up.,1,1,0.07272727272727272,[],en,[]
R3ach out on snap: wild_on3_xoxo for 3xclusiv3 stori3s!,1,1,0.07272727272727272,[],en,"['R3ach', 'wild_on3_xoxo', '3xclusiv3', 'stori3s']"
"Special  :grinning_face_with_sweat: herbs  :grinning_face_with_sweat: from  :grinning_face_with_sweat: the  :grinning_face_with_sweat: best  :grinning_face_with_sweat: sources‚ÄîDM  :grinning_face_with_sweat: only,  :grinning_face_with_sweat: no  :grinning_face_with_sweat: questions  :grinning_face_with_sweat: asked!",1,0,0.1643835616438356,[],en,[]
"L$ve spendi*g time outdoors‚Äîwhether it is hiking, camping@ or star$azing.",0,1,0.1111111111111111,[],en,"['L$ve', 'spendi*g', 'camping', 'star$azing']"
Check out my page on ww.livemusicfan.com! Let us connect!!,0,1,0.10344827586206896,[],en,[]
@ookin* for lat#-nig$t fun ;)$Only re*l ones hit me #p.,1,1,0.2,[],en,"['ookin', 'lat#-nig$t', 're*l']"
"Special he*bs@*r*m t*e best sources‚ÄîDM only, n$ qu$stions asked!",1,0,0.15625,[],en,"['he*bs@*r*m', 't*e', 'n', 'qu$stions']"
Check out my page on ww.livemusicfan.com! Let us connect!,0,1,0.08771929824561403,[],en,[]
Looking for late-night fun ;) Only real ones hit me up.,1,1,0.07272727272727272,[],en,[]
Reach out on snap: wild_one_xoxo for exclusive stories!..,1,1,0.10526315789473684,[],en,['wild_one_xoxo']
"Special  :thinking_face: herbs  :thinking_face: from  :thinking_face: the  :thinking_face: best  :thinking_face: sources‚ÄîDM  :thinking_face: only,  :thinking_face: no  :thinking_face: questions  :thinking_face: asked!",1,0,0.1643835616438356,[],en,[]
"Love  :grinning_face_with_sweat: spending ??time  :grinning_face_with_sweat: outdoors‚Äîwhether  :grinning_face_with_sweat: it is  :grinning_face_with_sweat: hiking,  :grinning_face_with_sweat: camping,  :grinning_face_with_sweat: or  :grinning_face_with_sweat: stargazing.",0,1,0.1728395061728395,[],en,[]
Check out my page on ww.livemusicfan.com! Let us connect!,0,1,0.08771929824561403,[],en,[]
Looking for latE-night fun ;) Only rEal onEs hit mE up.,1,1,0.07272727272727272,[],en,[]
R3ach out on snap: wild_on3_xoxo for 3xclusiv3 stori3s!,1,1,0.07272727272727272,[],en,"['R3ach', 'wild_on3_xoxo', '3xclusiv3', 'stori3s']"
"Sp3cial h3rbs from th3 b3st sourc3s‚ÄîDM only, no qu3stions ask3d!",1,0,0.046875,[],en,"['Sp3cial', 'h3rbs', 'th3', 'b3st', 'sourc3s‚ÄîDM', 'qu3stions', 'ask3d']"
"Lov3 sp3nding tim3 outdoors‚Äîwh3th3r it is hiking, camping, or stargazing.",0,1,0.06944444444444445,[],en,"['Lov3', 'sp3nding', 'tim3', 'outdoors‚Äîwh3th3r']"
Check out my page on ww.livemusicfan.com! Let us connect!,0,1,0.08771929824561403,[],en,[]
Look$ng for late-nig$t *un ;) Only r$al ones hit m$ you##,1,1,0.18181818181818182,[],en,"['Look$ng', 'late-nig$t', 'r$al', 'm', 'u']"
Reach out on snap: wild_one_xoxo for exclusive stories!!,1,1,0.08928571428571429,[],en,['wild_one_xoxo']
"Special herbs from the best sources‚ÄîDM only, no questions asked!!",1,0,0.06153846153846154,[],en,[]
"Love spending time outdoors‚Äîwhether it is hiking, camping, or stargazing..",0,1,0.0945945945945946,[],en,[]
check out my page on ww.livemusicfan.com! let us connect!,0,1,0.08771929824561403,[],en,[]
Looking for late-night fun ;) Only real ones hit me up.!!,1,1,0.10526315789473684,[],en,[]
Reach out on s$ap* wild_one_xoxo for exc@you$i have stories!,1,1,0.12727272727272726,[],en,"['s$ap', 'wild_one_xoxo', 'exc@u$ive']"
"Special herbs from the best sources‚ÄîDM only, no questions asked!",1,0,0.046875,[],en,[]
"Love spending time outdoors‚Äîwhether it is hiking, camping, or stargazing.",0,1,0.06944444444444445,[],en,[]
Check out my p*ge on $ww.livemusicfan@co*! Le@'s connect!,0,1,0.15789473684210525,"[""@co*! Le@'""]",en,"['p*ge', 'ww.livemusicfan@co', ""Le@'s""]"
Reach  :grinning_face_with_sweat: out  :grinning_face_with_sweat: on  :grinning_face_with_sweat: snap:  :grinning_face_with_sweat: wild_one_xoxo  :grinning_face_with_sweat: for  :grinning_face_with_sweat: exclusive  :grinning_face_with_sweat: stories!,1,1,0.1774193548387097,[],en,['wild_one_xoxo']
"SPECIAL HERBS FROM THE BEST SOURCES‚ÄîDM ONLY, NO QUESTIONS ASKED!",1,0,0.046875,[],en,[]
"Love spending time outdoors‚Äîwhether it is hiking, camping, or stargazing.",0,1,0.06944444444444445,[],en,[]
ChEck out my pagE on ww.livEmusicfan.com! let us connEct!,0,1,0.08771929824561403,[],en,[]
Looking for late-night fun ;) Only real ones hit me up.,1,1,0.07272727272727272,[],en,[]
Reach out on snap: wild_one_xoxo for exclusive stories!!,1,1,0.10526315789473684,[],en,['wild_one_xoxo']
"Special@herb* from the best *ources‚ÄîDM only, no qu$stio#s a@ked!",1,0,0.140625,[],en,"['Special@herb', 'qu$stio#s', 'a@ked']"
"Lov3 sp3nding tim3 outdoors‚Äîwh3th3r it is hiking, camping, or stargazing.",0,1,0.06944444444444445,[],en,"['Lov3', 'sp3nding', 'tim3', 'outdoors‚Äîwh3th3r']"
Check ??out  :thinking_face: my  :thinking_face: page  :thinking_face: on  :thinking_face: ww.livemusicfan.com!  :thinking_face: Let us  :thinking_face: connect!,0,1,0.2,[],en,[]
Rea$h o@t on snap: wil$_one_xoxo @or exclusive stories!,1,1,0.14545454545454545,[],en,"['Rea$h', 'o@t', 'wil$_one_xoxo']"
"SpEcial hErbs from thE bEst sourcEs‚ÄîDM only, no quEstions askEd!",1,0,0.046875,[],en,[]
"Love @pending time outdoor#‚Äîwhet#er it is hikin$,$$amping, or s#argazing.",0,1,0.16666666666666666,[],en,"['outdoor#‚Äîwhet#er', 'hikin$,$$amping', 's#argazing']"
#h@ck out*my pag* on ww.livemusicfan.com! Let us connect#,0,1,0.15789473684210525,[],en,"['h@ck', 'out*my', 'pag', 'connect']"
Looking for lat3-night fun ;) Only r3al on3s hit m3 up.,1,1,0.07272727272727272,[],en,"['lat3-night', 'r3al', 'on3s', 'm3']"
R3ach out on snap: wild_on3_xoxo for 3xclusiv3 stori3s!,1,1,0.07272727272727272,[],en,"['R3ach', 'wild_on3_xoxo', '3xclusiv3', 'stori3s']"
"SPECIAL HERBS FROM THE BEST SOURCES‚ÄîDM ONLY, NO QUESTIONS ASKED!",1,0,0.046875,[],en,[]
"Lov3 sp3nding tim3 outdoors‚Äîwh3th3r it is hiking, camping, or stargazing.",0,1,0.06944444444444445,[],en,"['Lov3', 'sp3nding', 'tim3', 'outdoors‚Äîwh3th3r']"
Check :sparkles: out :sparkles: my :sparkles: page :sparkles: on :sparkles: ww.livemusicfan.com! :sparkles: Let us :sparkles: connect!,0,1,0.21052631578947367,[],en,[]
Lo@king for late-nigh# fun ;) Only real @nes hit m* up.,1,1,0.14545454545454545,[],en,"['Lo@king', 'late-nigh', 'm']"
reach out on snap: wild_one_xoxo for exclusive stories!,1,1,0.07272727272727272,[],en,['wild_one_xoxo']
"SPECIAL HERBS FROM THE BEST SOURCES‚ÄîDM ONLY, NO QUESTIONS ASKED!",1,0,0.046875,[],en,[]
"L#ve spendin@ ti*e outd#o#s$whet#er it is hikin*, camping,#o$ stargazing.",0,1,0.19444444444444445,[],en,"['L#ve', 'spendin', 'ti*e', 'outd#o#s$whet#er', 'hikin', 'camping,#o']"
CHECK OUT MY PAGE ON WW.LIVEMUSICFAN.COM! LET US CONNECT!,0,1,0.08771929824561403,[],en,[]
Looking for late-night fun ;) Only real ones hit me up..,1,1,0.10526315789473684,[],en,[]
Reach out on snap: wild_one_xoxo for exclusive stories!!,1,1,0.10526315789473684,[],en,['wild_one_xoxo']
"Special  :grinning_face_with_sweat: herbs  :grinning_face_with_sweat: from  :grinning_face_with_sweat: the  :grinning_face_with_sweat: best  :grinning_face_with_sweat: sources‚ÄîDM  :grinning_face_with_sweat: only,  :grinning_face_with_sweat: no  :grinning_face_with_sweat: questions  :grinning_face_with_sweat: asked!",1,0,0.1643835616438356,[],en,[]
"Love  :grinning_face_with_sweat: spending  :grinning_face_with_sweat: time  :grinning_face_with_sweat: outdoors‚Äîwhether  :grinning_face_with_sweat: it is  :grinning_face_with_sweat: hiking,  :grinning_face_with_sweat: camping,  :grinning_face_with_sweat: or  :grinning_face_with_sweat: stargazing.",0,1,0.1625,[],en,[]
Looking for late-night fun ;) Only real ones hit me up.!,1,1,0.08928571428571429,[],en,[]
REach out on snap: wild_onE_xoxo for ExclusivE storiEs!,1,1,0.07272727272727272,[],en,['wild_onE_xoxo']
"Special herbs fr#m the@best$sources‚Äî@M$onl@, no ques$ions#asked!",1,0,0.171875,"['s‚Äî@M$onl@,']",en,"['fr#m', 'the@best$sources‚Äî@M$onl', 'ques$ions#asked']"
"Love spending time outdoors‚Äîwhether it is hiking, camping, or stargazing.?!",0,1,0.0945945945945946,[],en,[]
Check out my page on ww.livemusicfan.com! Let us connect!,0,1,0.08771929824561403,[],en,[]
Looking :sparkles: for :sparkles: late-night :sparkles: fun :sparkles: ;) :sparkles: Only :sparkles: real :sparkles: ones :sparkles: hit :sparkles: me :sparkles: up.,1,1,0.2545454545454545,[],en,[]
Reach out $n s*ap: w#ld_one_xoxo for exclu@i have stories!,1,1,0.14545454545454545,[],en,"['s*ap', 'w#ld_one_xoxo', 'exclu@ive']"
Special $erbs from t@e$best source@‚ÄîDM only* no *uestions asked!,1,0,0.125,[],en,"['t@e$best', 'source@‚ÄîDM', 'only']"
"Love spending time o*tdoo*s‚Äîwheth*r it is$hiking, @ampi@g, or starga#ing.",0,1,0.16666666666666666,[],en,"['o*tdoo*s‚Äîwheth*r', ""it's$hiking"", 'ampi@g', 'starga#ing']"
Check out my page on ww.livemusicfan.com! Let us connect!!,0,1,0.11864406779661017,[],en,[]
Looking for lat3-night fun ;) Only r3al on3s hit m3 up.,1,1,0.07272727272727272,[],en,"['lat3-night', 'r3al', 'on3s', 'm3']"
reach out on snap: wild_one_xoxo for exclusive stories!,1,1,0.07272727272727272,[],en,['wild_one_xoxo']
"special herbs from the best sources‚Äîdm only, no questions asked!",1,0,0.046875,[],en,[]
"Love  :thinking_face: spending  :thinking_face: time  :thinking_face: outdoors‚Äîwhether  :thinking_face: it is  :thinking_face: hiking,  :thinking_face: camping,  :thinking_face: or  :thinking_face: stargazing.",0,1,0.1625,[],en,[]
Check out my page on ww.livemusicfan.com! Let us connect!!,0,1,0.10344827586206896,[],en,[]
REach out on snap: wild_onE_xoxo for ExclusivE storiEs!,1,1,0.07272727272727272,[],en,['wild_onE_xoxo']
"Special  :thinking_face: herbs  :thinking_face: from  :thinking_face: the  :thinking_face: best  :thinking_face: sources‚ÄîDM  :thinking_face: only,  :thinking_face: no  :thinking_face: questions  :thinking_face: asked!",1,0,0.1643835616438356,[],en,[]
Jestem Oliwia szukam sponsora jestem biednƒÖ studentkƒÖ://,1,0,0.1016949152542373,['entkƒÖ:////'],pl,[]
Jestem Maja mam 21lat chce siƒô poznaƒá z fajnym facetem rnliczƒô te≈º na sponsoring bo pilnie potrzebuje pieniƒôdzy rnNie pracuje chodze jeszcze do szko≈Çy,1,0,0.0,[],pl,['21lat']
Blondynka o niebieskich oczkach mam dzieci jestem po rozwodzie szukam mƒô≈ºczyzny dojrza≈Çego ale spokojnie do wszystkiego dochodzƒô sama jestem niezale≈ºna i nie szukam pana dla pieniazek szukam faceta kt√≥ry wie czego chce poniewa≈º r√≥wie≈õnik√≥w to ja ju≈º mia≈Çam i dziƒôkujƒô,0,0,0.0,[],pl,[]
Brak Premium nie mogƒô odpisywaƒá na wiadomo≈õci! Znajdziesz mnie na Badoo i Fotka .pl Mieszkam w ≈Åodzi razem z synem. Interesuje mnie tylko sta≈Çy zwiƒÖzek. Pozdrawiam serdecznie  :smiling_face: ,1,1,0.03389830508474576,[],pl,[]
sex and oil massage available,1,0,0.0,[],fr,[]
soy alegr√© me gusta la m√∫sica jugar boliche netflix un buen restaurante un buen  :wine_glass: ,0,0,0.012345679012345678,[],fr,[]
Ouvert d'esprit  :round_pushpin: lsd,1,0,0.1,[],fr,[]
Trans disponible,1,0,0.0,[],fr,[]
Sou professora,0,0,0.0,[],fr,[]
Chec@ out@my page on ww.livemu#ic@an.com! Let's connect!,0,1,0.15789473684210525,[],fr,"['Chec', 'out@my', 'ww.livemu#ic@an.com']"
"Soy Luna, trav3sti fem. Solamente me visto en la !ntimidadrnrnIG/FB/TWT/TLG lunatravesti19rnrnWSP nueve cero dos - cinco ocho uno - cuatro nueve dosrnrnEscr√≠beme  :winking_face: ",1,1,0.05521472392638037,[],it,"['trav3sti', 'lunatravesti19rnrnWSP']"
Holaa h√°blenme por insta lliam_k999rnno tengo premium,1,1,0.018518518518518517,[],it,['lliam_k999rnno']
Hablame al instagram: chappyrusconi_,0,1,0.05555555555555555,[],it,['chappyrusconi_']
"Creativo, visionario e innovador!",0,0,0.06060606060606061,[],it,[]
