about_me,label,contact details
AÔ∏áÔ∏ÜÔ∏àlÔ∏áÔ∏ÜÔ∏àlÔ∏áÔ∏ÜÔ∏à Ô∏áÔ∏ÜÔ∏àmÔ∏áÔ∏ÜÔ∏àyÔ∏áÔ∏ÜÔ∏à Ô∏áÔ∏ÜÔ∏àsÔ∏áÔ∏ÜÔ∏àeÔ∏áÔ∏ÜÔ∏àxÔ∏áÔ∏ÜÔ∏àyÔ∏áÔ∏ÜÔ∏à Ô∏áÔ∏ÜÔ∏àpÔ∏áÔ∏ÜÔ∏àhÔ∏áÔ∏ÜÔ∏àoÔ∏áÔ∏ÜÔ∏àtÔ∏áÔ∏ÜÔ∏àoÔ∏áÔ∏ÜÔ∏àsÔ∏áÔ∏ÜÔ∏à Ô∏áÔ∏ÜÔ∏àaÔ∏áÔ∏ÜÔ∏ànÔ∏áÔ∏ÜÔ∏àdÔ∏áÔ∏ÜÔ∏à Ô∏áÔ∏ÜÔ∏àvÔ∏áÔ∏ÜÔ∏àiÔ∏áÔ∏ÜÔ∏àdÔ∏áÔ∏ÜÔ∏àeÔ∏áÔ∏ÜÔ∏àoÔ∏áÔ∏ÜÔ∏àsÔ∏áÔ∏ÜÔ∏à Ô∏áÔ∏ÜÔ∏à,1,1
"solo busco que me traten como una princesa y me vuelvan m√°s caprichosa de lo que soy, busco un papi bueno que me cumpla los caprichos üíã.rn mi Instagram lun4aa.22",1,1
buenas tardes yo busco conocer personas yo quiero alguien que me entienda y queme allude en los econ√≥mico porque soy una persona muy pobre pero tampoco soy interesada no me gusta pedirle a nadie y tampoco Nome gusta mentirle Ami pareja,1,0
Tex –±O78O—≤4„Çâ—á8,1,1
"soy madre soltera tengo un hijo de 13 a√±os, soy auxiliar de enfermer√≠a, hogare√±a, rom√°ntica, fiel, honesta, busco amistad sincera y transparente inicialmente me gustar√≠a encontrar una persona que me ayude econ√≥micamente y si nos entendemos, me gustar√≠a tener una relaci√≥n seria",1,0
–ú–Ω–µ 16 –µ—Å–ª–∏ —Ö–æ—á–µ—à—å –ø–æ–∑–Ω–∞–∫–æ–º–∏—Ç—å—Å—è –ø–∏—à–∏ –º–Ω–µ –≤ –ò–Ω—Å—Ç–∞–≥—Ä–∞–º _apathy_._,1,1
"bin f√ºr ein Sextreffen zu haben, wenn du Interesse hast und zeig mein Video",1,0
me gustan los hombre mayores y si es posible que me ayude economicamente estoy dispuesta a todo,1,0
·èï·à≠.emilyqed,1,1
"–ª—é–±–ª—é –º—É–∑–∏–∫—É —ñ –º–∞–ª—é–≤–∞—Ç–∏ –ø—Ö–ø—Ö, –º–æ–∂–ª–∏–≤–æ –Ω–µ –≤–∏–≥–ª—è–¥–∞—é –Ω–∞ —Å–≤—ñ–π –≤—ñ–∫. –®—É–∫–∞—é —Ö–ª–æ–ø—Ü—è —è–∫–∏–π –±—É–¥–µ –∑–∞–±–µ–∑–ø–µ—á—É–≤–∞—Ç–∏ —è–∫ –º—ñ–Ω—ñ–º—É–ºüíï",1,0
"amo a mi familia, mis amigas y el amor sincero. ( ¬π¬π‚Åµ‚Å∑‚Å¥‚Å∂¬≥¬π¬≤‚Å∑ )",1,1
"üíãüíãüíãI am Angelina by name ... I'm new to this this online things and this is the first time I'm looking for a Life partner online. I might not be available to reply to your message cos am not a full paid member, so if you are interested and care to communicate, Just Message On My E m a i l Sarahhicks 2 0 1 0 1 at gee mail dot cum I‚Äôm real and serious about this ...Am online now..Thank You. ?",1,1
"Soy muy divertida , sales onlyüçërnC0ntenido $",1,1
Ig frankimeyyrnalguien que me consienta,1,1
MÔ∏àÔ∏áÔ∏âyÔ∏àÔ∏áÔ∏â Ô∏àÔ∏áÔ∏ârÔ∏àÔ∏áÔ∏âeÔ∏àÔ∏áÔ∏âaÔ∏àÔ∏áÔ∏âlÔ∏àÔ∏áÔ∏â Ô∏àÔ∏áÔ∏âsÔ∏àÔ∏áÔ∏âeÔ∏àÔ∏áÔ∏âxÔ∏àÔ∏áÔ∏âyÔ∏àÔ∏áÔ∏â Ô∏àÔ∏áÔ∏âpÔ∏àÔ∏áÔ∏âiÔ∏àÔ∏áÔ∏âcÔ∏àÔ∏áÔ∏âsÔ∏àÔ∏áÔ∏â Ô∏àÔ∏áÔ∏âhÔ∏àÔ∏áÔ∏âeÔ∏àÔ∏áÔ∏ârÔ∏àÔ∏áÔ∏âeÔ∏àÔ∏áÔ∏â Ô∏àÔ∏áÔ∏â-Ô∏àÔ∏áÔ∏â Ô∏àÔ∏áÔ∏âwÔ∏àÔ∏áÔ∏âwÔ∏àÔ∏áÔ∏âwÔ∏àÔ∏áÔ∏â.Ô∏àÔ∏áÔ∏âsÔ∏àÔ∏áÔ∏âaÔ∏àÔ∏áÔ∏âvÔ∏àÔ∏áÔ∏âmÔ∏àÔ∏áÔ∏â.Ô∏àÔ∏áÔ∏âcÔ∏àÔ∏áÔ∏âlÔ∏àÔ∏áÔ∏âuÔ∏àÔ∏áÔ∏âbÔ∏àÔ∏áÔ∏â,1,1
"hi, I'm sorry that I'm not responding to the message, write to me, I definitely won't miss your message there üÜÉüÖ∂-üÖ∂üÜÅüÖ∞üÖºüÖº üÖ∞üÜÅüÖ∏üÖ¥üÖªüÜÅüÜàüÜà",1,1
"Si quiere hablar conmigo enviame un regalito de esos que aparecen al lado del teclado, creeme te llevaras una sorpresa ( busco sugar daddy)",1,0
Jestem Oliwia szukam sponsora jestem biednƒÖ studentkƒÖ://///,1,0
I'm looking for a patient and sincere man to spend my life with.rnTG:KaterynaDudnyk95rnIG:KarinaConfident,1,1
sex and oil massage available,1,0
Jestem Maja mam 21lat chce siƒô poznaƒá z fajnym facetem rnliczƒô te≈º na sponsoring bo pilnie potrzebuje pieniƒôdzy rnNie pracuje chodze jeszcze do szko≈Çy,1,0
plus 52 cinco seis uno cero cinco siete ocho siete tres seis rnrnESCRIBE AL WSP PARA EXPERIMENTAR COSAS NUEVA Y RICAS üî•üòà,1,1
"hago contenid0 en internet, fot0s, v1deos y videollamadas",1,0
–ø–æ —Ñ–∞–∫—Ç—É 17 —Ç–∞–∫ –∫–∞–∫ –Ω–µ –º–æ–≥—É —É–∫–∞–∑–∞—Ç—å –ø–∏—à—É —Ç—É—Ç,1,0
"Be smart and contact me directly; kisscostaaaa ,my ID and to figure the network, you‚Äôd add the first alphabet of the following word in capital, Give , Mute, At, Ink, Love. Let see if you solve it by writing me. Had to Sneak this in lol",1,1
Instagram yaider22 escriban no tengo premium,1,1
sou transexual voce curte? rnmoro no Guaruj√° sp brasil chamem no meu zap,1,0
no puedo hablar por aki no tengo premium manden mensaje en mi Facebook q es Ram Polanco,1,1
"HI I'm new on this Site, a friend of mine introduced me on Kismia couple months ago, your post are wonderful i don't think we are friends here on Kismia I actually send you a message but eventually it didn't go through, please if you don't mind, can you send me a email so that we can be able to communicate more better on Google chat.. what did you think about it??",1,1
tengo 14 y busco a alguien sensilla y que me ame,1,0
"Soy Luna, trav3sti fem. Solamente me visto en la !ntimidadrnrnIG/FB/TWT/TLG lunatravesti19rnrnWSP nueve cero dos - cinco ocho uno - cuatro nueve dosrnrnEscr√≠beme üòâ",1,1
N.e.e.d__f.u.n__m.y__S.c.....n.i.g.h.t.g.i.r.l.m.e.e.t,1,1
holap soy un chico de 16 de Quito sur :3 soy bajo mido 1.58,1,0
a-d-d...s-n-a-p>cutebabelucy,1,1
"I don't use this app very often. And I don‚Äôt buy premium either. If you want to chat with me, you can text me up on this phone number: three six one two two six three one one one",1,1
paid vc service,1,0
"‚ù§Ô∏èNO BUSCO PAREJA.üôèSoy Asilado Pol√≠tico ,RADIESTESISTA , MASAJISTA PRIFESIONAL con t√©cnicas OrientalesEn toda clase de masajes y tratamiento para damas cultas y de mente abierta. üíï ATENCION :Solo QUITO Damas Deseosas de conocimiento nuevo , confidencial con agradables experiencias para armonizar tu entorno energ√©tico LA Comunicaci√≥n UNICAMENTE por üìû o porWashap este mi #. CERO NUEVE SEIS OCHO 7 TRES.UNO SIETE DOS CUATRO,, üî• OJO:SI gustas yQUEDO EN VISTO Y SIN RESPUESTA:ELIMIN",1,1
en realidad ment√≠ a esta app tengo 15 jaja as√≠ que no se si me puedo encontrar a una JAJA,1,0
No puedo ver ni escribir mensajes ya que no soy premium. Escr√≠beme 6ocho 9 cinco dos 8 Tres cero1,1,1
T*e*x*t---S*c--c.u.t.e.b.a.b.e.l.u.c.y=,1,1
"–õ—é–±–ª—é —Å–ø—ñ–ª–∫—É–≤–∞—Ç–∏—Å—å, –±–∞–≥–∞—Ç–æ —Å–º—ñ—è—Ç–∏—Å—å. –ü—Ä–æ—Å—Ç–∞, –≤—ñ–¥–∫—Ä–∏—Ç–∞. –•–æ–±–±—ñ –≤–æ–ª–µ–π–±–æ–ª, –º—É–∑–∏–∫–∞. –õ—é–±–ª—é –ø–æ—Å–∏–¥—ñ—Ç–∏ –≤ —Ç–∏—à–∏–Ω—ñ...—Å–≤—ñ–π –ø—Ä–æ—Å—Ç—ñ—Ä. –ß–µ—Ä–ø–∞—é —Å–∏–ª–∏ –Ω–∞ –ø—Ä–∏—Ä–æ–¥—ñ)",0,0
"–ñ–∏–≤—É –≤ –ê–ª–º–∞—Ç—ã. üá∞üáø –ú—É–∂—á–∏–Ω—ã —Ä–∞–¥–∞ –≤–∏–¥–µ—Ç—å –≤–∞—Å —Å—á–∞—Å—Ç–ª–∏–≤—ã–º–∏, –¥–æ–±—Ä—ã–º–∏, –º—É–∂–µ—Å—Ç–≤–µ–Ω–Ω—ã–º–∏, —É–≤–∞–∂–∞—é—â–∏–º–∏ –¥—Ä—É–≥–æ–µ –º–Ω–µ–Ω–∏–µ! –ü—Ä–æ—à—É –ø–∏—Å–∞—Ç—å —Å–ª–æ–≤–∞–º–∏, –∞ –Ω–µ —Å—Ç–∏–∫–µ—Ä–∞–º–∏üòÖ",0,0
"ig: jacobhopkins369rnWamego. New here. Music producer, love the outdoors. Open to new experiences.",1,1
"Looking for a girl bestie to be spicy with, ultimately I ant her to join me and my husband in the bedroom. Goofy, love dark humor & very laid back. Romantic with a dirty side",1,0
busco relaci√≥n de seria,0,0
amante ala m√∫sica salsa y ala coxinar.,0,0
Hay I'm a professional in basketball trying to find a real man to be on my side.,0,0
just looking to have fun with some cool people,0,0
"Soy una mujer que sabe respetar, con un buen sentido del humor, s√∫per familiar, muy cari√±osa y gentil, me gusta cocinar para las personas que amo, amante del orden.rnQuiero encontrar ese ser amado, ese compa√±ero de vida para formar una linda familia.",0,0
"Lo m√°s importante en la vida es la honestidad, por lo tanto soy una mujer sincera en todo momento.rnAmo la paz y no me gustan los conflictos. rnLo m√°s valioso en mi vida: mis hijos.",0,0
"Ol√°, sou uma pessoa que gosto de coisas simple, de gente simples,lugares aconchegante e comidas simples ,sei me portar em lugares sofisticados ,mas prefiro a simplicidade,gosto d acampar,um bom vinho,admirar as estrelas o sol a lua, n√£o sou hip,n√£o fumo,n√£o bebo de vez em quando um vinho,mas uma boa conversa √© demais,sei respeitar os amigos e guardo todos no cora√ß√£o,amo exerc√≠cio f√≠sico,pilates, amo viajar,n√£o suporto cigarro ,se fumar escove os dentesü§£e por a√≠ vai",0,0
I'm a loving n caring person who enjoys cooking n loves going to church ...I'm full of life n happiness..I don't have a child yet n I blve god is going to bless me once I've found my soulmate...,0,0
I'm an easy person to get along with.,0,0
"Me fascina lo espont√°neo, lo leal, lo aut√©ntico, la adrenalina disfrutar cada momento conocer lugares, culturas, bailar, m√∫sica, autos, emprendedor, jam√°s me doy por vencido, me gusta la genuinidad de las personas y soy muy solidario y amable.",0,0
"Dona de um cora√ß√£o enorme, algu√©m que ainda acredita num mundo onde as pessoas n√£o s√£o rasas, em relacionamentos que valem a pena...ME chama pra gente se conhecer melhor!!",0,0
I haven't told a numerous people and all them one just friends they were strangers too told me that I'm a good communicator a good listener and I'll tell her from the heart that need my best qualities my everyday qualities,0,0
–ó–∞ –ª—é–±–æ–π –∫–∏–ø–∏—à—å!rn–Ü–Ω—Å—Ç: __sergeykrivenko_,1,1
"sou viuva, evang√©lica e gostaria de encontrar pessoas s√©rias, para fazer amizades.",0,0
"–°–ø–æ–∫—ñ–π–Ω–∏–π,–æ–¥–Ω–æ –ª—é–±,–∂—ñ–Ω—Ü—ñ –Ω–µ –∑—Ä–∞–¥–∂—É—é.",0,0
ciudad actual AREQUIPA // Amo o√≠r los prop√≥sitos de vida y valoro a las personas que son agradecidas y las que se esfuerzan por lograrlo...,0,0
"Me considero una persona aut√©ntica, con una sonrisa genuina y una risa contagiosa. Me esfuerzo por ser una versi√≥n mejor de m√≠ misma cada d√≠a, y me rodeo de personas que me inspiran y me apoyan, me gu√≠o por valores como la integridad, la resiliencia y la compasi√≥n.",0,0
Blondynka o niebieskich oczkach mam dzieci jestem po rozwodzie szukam mƒô≈ºczyzny dojrza≈Çego ale spokojnie do wszystkiego dochodzƒô sama jestem niezale≈ºna i nie szukam pana dla pieniazek szukam faceta kt√≥ry wie czego chce poniewa≈º r√≥wie≈õnik√≥w to ja ju≈º mia≈Çam i dziƒôkujƒô,0,0
I'm Samanta joy Q Vergara I'm 18 years old I'm working at salon I'm looking for someone to love me,0,0
"Decifra-me mais n√£o me conclua,posso te surpreender!!! As hist√≥rias mais lindas acontecem com come√ßo,medo e sim!!!",0,0
me gusta comer me gusta salir me gusta trabajar me gusta estudiar,0,0
Soy cubano peloncito mido 175 de estatura ojos marrones y soy mulato y muy cari√±oso,0,0
Me gusta el rock xd y no s√© qu√© es esta wea JAJAJAJArnig mely.blush,0,0
I am easygoing. I love nature. I love photography. I am a car lover and have two rescue kutties. twi,0,0
"Looking for a like-minded woman who wants to spend time together and enjoy each other's company. I am looking for my best friend, my ride or die. Love music, cars, racing, and I love to laugh and make others do the same. I don't pay for these apps, add me on Snapchat, Recharged2024.",1,1
Im 24 looking for somone to hanging out with for me and hubby or just me open to anything,1,0
Holaaa h√°blenme por insta lliam_k999rnno tengo premium,1,1
I'm a 52 yrs old and I'm loving life. I've lost a lot lately but still keep going because I have a purpose here. I love to smile and laugh. And have a heart of gold. But DO NOT hurt me nor try to use me because I'm not the one to piss off!!! I'm into alot of different interests involving life in general. Also unfortunately I am a widow 2 times with 3 daughters and my youngest is 11. I'm also a grandma 6 timesüòÅ,0,0
"Hello Gentlemen. there's not a lot to say about me. I love to cook, I love flowers and crafts, and I enjoy cuddling. I love honesty. Communication is very important to me. I will always ask how your day and night are, if I can get you something, or do anything to make it better. I love laughter",0,0
"–õ—é–±–ª—é —Ü–≤–µ—Ç—ãüå∏üå∫üåªüåπüå∑üåºüíêüå∏üå∫üåªüåπüå∑üåºüíê–î–Ω–µ–ø—Ä–æ–ø–µ—Ç—Ä–æ–≤—Å–∫, —Ö–æ—á—É –±—ã—Ç—å —Å—á–∞—Å—Ç–ª–∏–≤–æ–π))))",0,0
–•–æ—á—É –∑–∞–∫–æ—Ö–∞—Ç–∏—Å—è) –û–¥–µ—Å–∞,0,0
"soy muy divertida simpatica,me gusta agasajar a las personas,amo estar al aire libre ,me gustan los perros",0,0
"Dif√≠cil en 500 car√°cteres, pero me gustar√≠a conocer a una mujer que pueda tener la misma visi√≥n de construcci√≥n de una vida en pareja; se que todos somos diferentes y tenemos heridas lo importante es disfrutar el proceso pero sin mentiras, con risas, locuras e irnos conociendo. Si eres de izquierda ser√°n pocas las compatibilidades, hasta eso es importante, as√≠ como el amor por los animales, la naturaleza y la paz. Monogamia 100%, creo en la fidelidad y en la empat√≠a.",0,0
"Single , hard working Man , love movies , restaurants, road trips, fishing, camping,",0,0
"–õ—é–±–ª—é –≥–æ—Ç–æ–≤–∏—Ç—å ,–ü–æ–≥–æ–≤–æ—Ä–∏—Ç—å –≤—ã—Å–ª—É—à–∞—Ç—å .",0,0
Amante del soccer y amantes alas pel√≠culas y series,0,0
Very athletic very nice very shy love giving attention I love good food,0,0
I'm Looking For FWB W A Woman In San Antonio Tx,0,0
quisera conocer chicas serca de Huntington park para ser amistades... soy nuevo en este pais,0,0
Easy going man.if you are from overseas I'm not interested,0,0
Whatever you want to know just ask I'm an open book,0,0
"Me gusta mucho hacer ejercicio mantenerme saludable Comer Bn , y Trabajar Tambi√©n",0,0
"–õ—é–±–ª—é –ø–æ–¥–æ—Ä–æ–∂—É–≤–∞—Ç–∏, —Ü—ñ–∫–∞–≤–ª—é—Å—è —Ç–µ–∞—Ç—Ä–æ–º, –∫—ñ–Ω–æ, —ñ—Å—Ç–æ—Ä—ñ—î—é.",0,0
"soy divertido no soy atractivo pero tengo lo que muchas personas hermosas no tienen y es coraz√≥n, senti.ientos y VALORES",0,0
trabalho estudo e fa√ßo academia e nos finais de semana vou ao parque fazer caminhada,0,0
soy alegr√© me gusta la m√∫sica jugar boliche netflix un buen restaurante un buen üç∑,0,0
Instagram: @eln3griti,1,1
snap rusty47777,1,1
write me on telegram @JoeGD86,1,1
"–Ø –ª—é–±–ª—é –≤–æ–∑–º–æ–∂–Ω–æ—Å—Ç–∏, –∏ –µ–∑–¥—É –≤–µ—Ä—Ö–æ–º –Ω–∞ –∂–µ–Ω—â–∏–Ω–∞—Ö, –∏ –Ω–∞—Å—ã—â–µ–Ω–∏–µ –∏–º–∏, –∏ –≤–æ–∑–±—É–∂–¥–µ–Ω–∏–µ –º–æ–∏—Ö –æ—Ä–≥–∞–Ω–æ–≤, –∏ –ª—é–±–æ–≤—å, –∏ –Ω–∞—Å–∏–ª–∏–µ, –∏ –ø–æ—Ü–µ–ª—É–∏, –∏ –æ–±–ª–∏–∑—ã–≤–∞–Ω–∏–µ, –∏ —Å–µ–∫—Å, –∏ —Å–æ—Å–∞–Ω–∏–µ, –∏ —Ç–∞–Ω—Ü—ã",1,0
—è –ª—é–±–ª—é —Ä—ñ–∑–∞—Ç–∏ –≥–æ–ª–æ–≤–∏ —á–æ–ª–æ–≤—ñ–∫–∞–º,1,0
"–ú—É–∂ —Ö–æ—á–µ—Ç —Ç—Ä–∞—Ö–Ω—É—Ç—å –º–µ–Ω—è –≥—Ä—É–ø–æ–≤—É—à–∫–æ–π –Ω–∏ —Ä–∞–∑—É –Ω–µ –±—ã–ª–æ, –º–æ–∂–µ—Ç –∫—Ç–æ-—Ç–æ —á—Ç–æ-—Ç–æ –ø–æ–¥—Å–∫–∞–∂–µ—Ç!!?)) –ú–æ–∂–Ω–∞ –∏ –ø–æ—É—á–∞—Å—Ç–≤–æ–≤–∞—Ç—å !!)",1,0
—è —Ö–æ—á—É —Ç–µ–±–µ –¥–µ–ª–∞—Ç—å –ø—Ä–∏—è—Ç–Ω–æ –º–µ–∂–¥—É –Ω–æ–≥ –∫—É–Ω–∏ –ª–∏–Ω–≥—É—Å –∫–∏—Å–∫—É –≥–æ–ª—É—é –∫–∏—Å–∫—É –ª–µ–∑–∞—Ç—å –µ–∑—ã–∫–æ–º —Ç–µ–±—è –∞ —Ç—ã —É –º–µ–Ω—è —Å–æ—Å–∞—Ç—å –º–æ–π —á–ª–µ–Ω —Ç–æ–ª—Å—Ç—ã–π –±—É–¥–µ—à—å –¥–µ–ª–∞—Ç—å –ø—Ä–∏—è—Ç–Ω–æ –º–µ–∂–¥—É –Ω–æ–≥ –∏ –∑–∞–Ω–∏–º–∞—Ç—å—Å—è –ª—é–±–æ–≤—å—é —Å–µ–∫—Å–æ–º —Å—Ç–æ–±–æ–π –≤ –∫–∏—Å–∫—É —Ç–≤–æ—é —Ç—Ä–∞—Ö–Ω—É—Ç—å —Ç–µ–±—è,1,0
–ì–æ —Å–µ–∫—Å –ø–æ—Ä–Ω–æ –ø–∏–∑–¥–∞,1,0
"–Ø –∑–∞–ø–ª–∞—á—É –∑–∞ —Å–µ–∫—Å—É–∞–ª—å–Ω—ñ —Ñ–æ—Ç–æ —Ç–∞ –≤—ñ–¥–µ–æ. –ú–µ–Ω—ñ –ø–æ–¥–æ–±–∞—é—Ç—å—Å—è ""–Ω–æ—Ä–º–∞–ª—å–Ω—ñ"" –¥—ñ–≤—á–∞—Ç–∞, –Ω–µ –æ–±–æ–≤'—è–∑–∫–æ–≤–æ –±—É—Ç–∏ –º–æ–¥–µ–ª–ª—é. –Ø –ª—é–±–ª—é –ø–æ–ø–∏, –Ω—ñ–∂–∫–∏ —Ç–∞ –º–∏–ª—ñ —à–∫–∞—Ä–ø–µ—Ç–∫–∏",1,0
–ú–æ–≥—É —Å—Ç–∞—Ç—å —Å–ø–æ–Ω—Å–æ—Ä–æ–º,1,0
—â–∏—Ä–æ –æ–ø–ª–∞—á—É –Ω—ñ—á –∫–æ—Ö–∞–Ω–Ω—è,1,0
–®—É–∫–∞—é –¥—ñ–≤—á–∏–Ω—É –¥–ª—è –≤—ñ–¥–Ω–æ—Å–∏–Ω —Å–µ–∫—Å–≤–∞–π—Ñ-–∫—É–∫–æ–ª–¥,1,0
–ö—É–∫–æ–ª–¥ –æ—Ç–Ω–æ—à–µ–Ω–∏—è,1,0
–ó–∞–ø–æ—Ä–æ–∂—å–µ.. –Ω–æ–ª—å 9 –ø—è—Ç—å 6 —Å–µ–º—å —Å–µ–º—å –≤–æ—Å–µ–º—å –≤–æ—Å–µ–º—å 4 —Ç—Ä–∏... –ø–∏—à–∏.. –±—É–¥—É —Å–æ—Å–∞—Ç—å –ø–∏—Å—é —Ç–µ–±–µ..—è —Ç–≤–æ—è —Å–æ—Å–∫–∞ üòò,1,1
I have hash cok weed meth larika Ecstasy and tramadol CBD oil etc plus nine7onefivetwo395seven0seven4,1,1
I'm mobile wit it wit da good ticcetüí≤i got ‚õΩüç¨üíä and ima shoe plug i have a gf so thats off on here for customers,1,0
Ouvert d'esprit üìçlsd,1,0
–£—Ö—Ö .–ø–æ—à–ª–∏ –≤–µ –Ω–∞ —Ö—É–π..—É–±—å—é—é—é,1,0
Brak Premium nie mogƒô odpisywaƒá na wiadomo≈õci! Znajdziesz mnie na Badoo i Fotka .pl Mieszkam w ≈Åodzi razem z synem. Interesuje mnie tylko sta≈Çy zwiƒÖzek. Pozdrawiam serdecznie ‚ò∫Ô∏è,1,1
tinder? ü§® ig:isaacc_bu,1,1
descarguen BADOO que es mucho mejor que esta app,1,0
soy de Colombia tengo 17 a√±os üòÅ,1,0
"Me llamo Nevan, tengo 17 a√±os y soy genero fluido. Busco hacer amigas o tal vez una novia üê¢",1,0
–º–Ω–µ 16-17 –ª–µ—Ç,1,0
"Somos una pareja buscando una chica q quiera una relaci√≥n estable. Somo cari√±oso, amable,sencillos, no nos gusta las mentiras.",1,0
We are a couple looking for single womens to have a lot of fun,1,0
we are a couple looking for a woman to have fun with he only wants to watch but if I. feel comfortable and u do we can do other things. I wa na suprise him so if your down for fun get ahold of me. pls only serious messages,1,0
Hola estoy disponible en Pereira tu chica trans joven y bonita Michell cumpliendo toda tu fantas√≠a sexualesü§ëü•µüòà,1,0
hi I'm filipinamrgaux from Phillipines im here now in WARSAW POLAND just tourist here if you want too meet me just message me . im a lady with a dick,1,0
Trans disponible,1,0
"–∑–¥—Ä–∞–≤—Å—Ç–≤—É–π—Ç–µ –¥–µ–≤—É—à–∫–∏! –º–µ–Ω—è –∑–æ–≤—É—Ç –°–µ—Ä–≥–µ–π!—è –ø—Ä–∞–∫—Ç–∏–∫—É—é—â–∏–π –º–∞—Å—Å–∞–∂–∏—Å—Ç !–Ω–µ –¥–æ—Ä–æ–≥–æ, —Ç–æ–ª—å–∫–æ –≥–æ—Ä–æ–¥ –ö–∏–µ–≤! —Ç–æ–ª—å–∫–æ –≤—ã–µ–∑–¥ –∫ –≤–∞–º –Ω–∞ –¥–æ–º! —Å–µ–∞–Ω—Å 60 –º–∏–Ω.300 –≥—Ä–Ω",1,0
"–ú—É–∂ –Ω–∞ —á–∞—Å, —É–º–µ—é –¥–µ–ª–∞—Ç—å –≤—Å—ë",1,0
"–ú—É–∂ –Ω–∞ —á–∞—Å ) –∏–º–µ—é –∏–Ω—Å—Ç—Ä—É–º–µ–Ω—Ç , –º–æ–≥—É –ø–æ–º–æ—á—å –≤—ã–ø–æ–ª–Ω–∏—Ç—å –Ω–µ–∫–æ—Ç–æ—Ä—É—é —Ä–æ–±–æ—Ç—É inst : oc.t0b3rl1n",1,1
"–ü—Ä–∏–≤—ñ—Ç, —è HR –º–µ–Ω–µ–¥–∂–µ—Ä, –º–æ–∂—É –∑–∞–ø—Ä–æ–ø–æ–Ω—É–≤–∞—Ç–∏ —Ç–æ–±—ñ –≤–∞–∫–∞–Ω—Å—ñ—é, –º—ñ–π –∫–∞–Ω–¥–∏–¥–∞—Ç –Ω–µ –ø–æ—Ç—Ä–µ–±—É—î –¥–æ—Å–≤—ñ–¥—É —á–∏ —è–∫–∏—Ö–æ—Å—å –æ—Å–æ–±–ª–∏–≤–∏—Ö –∑–Ω–∞–Ω—å. –†–æ–±–æ—Ç–∞ —É –æ—Ñ—ñ—Å—ñ –∞–ª–µ –∑ –∫—Ä—É—Ç–∏–º –≥—Ä–∞—Ñ—ñ–∫–æ–º, —î –¥—É–∂–µ –±–∞–≥–∞—Ç–æ –ø–ª—é—à–æ–∫ —Ç–æ–º—É –¥–∞–≤–∞–π –ø–æ—Å–ø—ñ–ª–∫—É—î–º–æ—Å—å —ñ —è —Ç–æ–±—ñ –≤—Å–µ —Ä–æ–∑–ø–æ–≤—ñ–º) —Ç–≥ Mars_jobss",1,1
"–µ#–∫–æ—Ä—Ç, –Ω–µ –¥–æ—Ä–æ–≥–æ",1,0
no hago encuentros pero si te interesa el contenido escribimeüòà‚ù§Ô∏è‚Äçüî•,1,0
Pix=fotinha 1 foto 50 2 fotos 100,1,0
I'm a forex trader also financial analyst crypto investor,1,0
Crypto currency investment is an investment platform work..where you can invest with your little amount and earn good minimum of what you invest sir... minimum investment $100.sir,1,0
"Works at Black Forex Trading Works at Cryptocurrency // forex experts Works at Bitcoin mining company 100% legit Works at New And Old Legit Bitcoin investment platforms Works at Legit Bitcoin Trading platform Works at Alfred forex and option binary trading Works at Financial Markets & Trading Works at Crypto Trading Works at Von Dax German Shepherds + Lives in Miami, Florida From Dubai, United Arab Emirates See more about Eduardo",1,0
"Soy profe de reiki y tarot,alegre, positiva, tranquila si alguien quiere alguna terapia comunicarse por interno",1,0
–í–∞—Ç—Ü–∞–ø( –ø–ª—é—Å).(—Å–µ–º—å—Å–æ—Ç —Å–µ–º—å–¥–µ—Å—è—Ç —Å–µ–º—å.).( –æ–¥–∏–Ω–Ω–∞–¥—Ü–∞—Ç—å).(.—Å–æ—Ä–æ–∫ –æ–¥–∏–Ω.).(—Å–æ—Ä–æ–∫ –¥–≤–∞.).(.–¥–≤–∞–¥—Ü–∞—Ç—å –¥–µ–≤—è—Ç—å.). –ù–∞—Ä–æ–¥–Ω—ã–π –¶–µ–ª–∏—Ç–µ–ª—å –æ–∫–∞–∑—ã–≤–∞—é —Å–≤–æ–∏ —É—Å–ª—É–≥–∏. –ü—Ä–µ–¥—Å–∫–∞–∑–∞–Ω–∏–µ –ü—Ä–æ—à–ª–æ–µ –ù–∞—Å—Ç–æ—è—â–µ–µ –∏ –ë—É–¥—É—â–µ–µ. –ù–∞–ª–∞–∂–∏–≤–∞—é —Å–µ–º–µ–π–Ω—ã–µ –æ—Ç–Ω–æ—à–µ–Ω–∏—è –≤–µ—Ä–Ω—É –ß–µ–ª–æ–≤–µ–∫–∞ –≤ —Å–µ–º—å—é.–ò–∑–±–∞–≤–ª—é –æ—Ç –ø–ª–æ—Ö–∏—Ö –Ω–µ–≥–∞—Ç–∏–≤—ã –°–≥–ª–∞–∑ –ø—Ä–∏–≤–æ—Ä–æ—Ç –æ—Ç–≤–æ—Ä–æ—Ç –ø—Ä–æ–∫–ª—è—Ç–∏—è –ø–æ—Ä—á–∞. –ú–æ–∏ —É—Å–ª—É–≥–∏ –æ—Ñ–∏—Ü–∏–∞–ª—å–Ω—ã–µ –†–∞–±–æ—Ç–∞—é –ø–æ –≤–∞—Ç—Ü–∞–ø—É. –ü–æ —Ñ–æ—Ç–æ –∏–º—è –∏ –≥–æ–¥ —Ä–æ–∂–¥–µ–Ω–∏—è –ø–æ–ª–Ω—ã–π —Ä–∞—Å–∫–ª–∞–¥ –Ω–∞ 100% —Ç–æ—á–Ω–æ—Å—Ç–∏.,1,1
"–Ü–Ω—Å—Ç–∞ notdamonanymore –ù–µ—â–æ–¥–∞–≤–Ω–æ –∑–∞–ø—É—Å—Ç–∏–≤ –±—ñ–∑–Ω–µ—Å, —Ç–æ–º—É —à—É–∫–∞—é –¥—ñ–≤—á–∞—Çüîû(–æ–ø–ª–∞—Ç–∞ –±—ñ–ª—å—à –Ω—ñ–∂ —Å–æ–ª—ñ–¥–Ω–∞) –ó–∞ –≤—Å—ñ—î—é —ñ–Ω—Ñ. –ø–∏—à—ñ—Ç—å –≤ —ñ–Ω—Å—Ç—Éüòä PS. —î –º–æ–∂–ª–∏–≤—ñ—Å—Ç—å –ø—Ä–∞—Ü—é–≤–∞—Ç–∏ –±–µ–∑ –ª–∏—Ü—è",1,1
"–ø—Ä–∏–≤—ñ—Ç, –∫–æ–≥–æ —Ü—ñ–∫–∞–≤–∏—Ç—å —Ä–æ–±–æ—Ç–∞ –∑ –º–æ–Ω–æ –ø–∏—à–∏—Ç–µ –≤ –ª—Å, –≤—ñ–¥ 1000 –≥—Ä–Ω",1,0
Ummm no weirdos üò≠ down for 8ball bets and other things hmu,1,0
HOLA SOY SILVINA TU CAJERA DE LA SUERTE VENI A PROBAR SUERTE A MI CASINO ZEUS CARGAS MINIMAS SIN LIMITE DE APUESTA SI QUERES HAVERTE UN USUARIO DEJAME tu num,1,0
"Apasionada cajera y administradora de casino online üé∞üí∞, disfruto el dinamismo del mundo digital y las emociones que ofrecen los juegos. Siempre estoy creando nuevos usuarios y asegur√°ndome de que la experiencia sea fluida y divertida. Me encanta conocer gente nueva y compartir risas, as√≠ como aprender sobre sus intereses. Fuera del trabajo, disfruto de una buena pel√≠cula, un paseo por la naturaleza y la m√∫sica en vivo. Busco a alguien con quien compartir aventuras y un buen sentido del humor.",1,0
Meet rich ladie and beautiful womas that will give you good connections and pays you 6000 every week chat on watsap,1,0
"Hola me llamo Angela y luego de la perdida reciente de mi Papa, me a dejado un vacio y necesidad de crear un grupo espiritual, donde se pueda recibir guia y compartir experiencias cercanas a la muerte (ECM) vida luego de la muerte, experiencias paranormales, viajes astrales, y entre otros temas como despertar de conciencia. Etc Porfavor sea respetuoso al escribirme. Gracias üôèüåàü™¨ü™Ñ",1,0
"me encanta el cine , pasear y la fiesta",0,0
"hola. aqu√≠ buscando lo q no se me ah perdido... Soy hombre de buen coraz√≥n, en busca de una mujer, que quiera una relaci√≥n bonita",0,0
y si vamos por un caf√© o una cervezas,0,0
Hablame al instagram: chappyrusconi_,0,1
"Chico s√∫per amoroso y cari√±oso, amante de un vino a la orilla de la playa üî•‚ù§Ô∏è‚Äçü©π , me encanta viajar y las aventuras. me gusta Descubrir y ser descubierto, empoderado y so√±ador üòèüíöü§ëü§ë",0,0
"Me gustan los perros, escucho todo tipo de musica y me gusta salir a caminar ü§órnhablame al IG:Rodrigonina0511",0,1
La vida es corta y hay que aprovecharla . de m√≠ Ig Wiz_g_97,0,1
En busca de conexi√≥n real,0,0
Boa noite me chamo isabel sou divorciada tenho tr√™s filhas todas casadas oque gosto de fazer e pescar enviar-nos rio,0,0
me encantan las pel√≠culas y amante de los perritos,0,0
Ir por un caf√© y una conversaci√≥n,0,0
me gusta escuchar m√∫sica bailar practicar deportes,0,0
I would say I'm the happiest person rnI love working outrnI'm 6 feetrnI love doing boxingrnand I really love my friends and family,0,0
yo soy dominicana mi padre y mi madre se llaman Gregorio y francista,0,0
Amantes ala buena comida muchas diversiones,0,0
"Me gustan comer, ver pel√≠culas, salir de viaje, ir de compras, jugar videos juegos,",0,0
Me encanta conocer gente nueva: cuarenta y ocho catorce sesenta y seis cero uno numero,0,1
me gusta el deporte,0,0
Sou professora,0,0
soy deportista sociales hogare√±o no soporto las mentiras,0,0
just here for some chatter. it doesn't take much at all to attract my curiosity.,0,0
"Eu gosto de caminhadas longas, gosto de ir a feira domingo de manh√£, gosto de comer. O resto falo depois.rsrs",0,0
"Tengo 42 a√±os, soy madre de 4 ni√±os, dos mayores de edad y dos peque√±os, soy masajista profesional terap√©utica y comerciante",0,0
Soy un chico extrovertido,0,0
"padre de mi bully, trabajando y viviendo.",0,0
boa noite eu quero uma pessoa que mim fazem muito feliz eu tamb√©m fa√ßo ele feliz tamb√©m n√£o gosto de mentiras quero um companheiro legal que podemos passear de m√£o dadas,0,0
hola soy una mujer umilde y muy buena persona,0,0
"I, married my wife and I are looking for a woman who is into a threesome",1,0
"Creativo, visionario e innovador!",0,0
"Sou canceriana, uma pessoa sens√≠vel, intuitiva e emocional. Valorizo a fam√≠lia e os la√ßos afetivos, sou muito protetora e carinhosa com aqueles que amo. Minha conex√£o com a natureza e meu gosto por pedalar refletem minha necessidade de encontrar paz e equil√≠brio em ambientes tranquilos e harmoniosos.",0,0
hola soy Ursula tengo 41 a√±os; soltera tengo 2 hijos soy misionera hace 3 a√±os vivo en bs as soy cocinera . me gustar√≠a conocer a alguin divertido q le guste pasear q le guste las reuniones familiares,0,0
trabajador,0,0
soy mec√°nico automotriz me gusta cocinar salir a pasear mirar pel√≠culas charlar no me gusta la soledad,0,0
me gusta la buena comida y compartir una salida,0,0
amante ala naturaleza viajes y muchas cosas divertidas como el f√∫tbol y bailes,0,0
"He aqu√≠ mi mi intro: Me encanta hablar de todo tipo de temas, me encantan los animales, sobre todo los gatos, soy muy intensa con laa personas que quiero conocer asi sea solo por amistad, no creo que exista el amor a primera vista, es rid√≠culo, como vas a amar a alguien que ni sabes quien es?, me gusta conocer todo de las personas, y por esto soy muy observadora, me gustan los videojuegos y los postres,y mido 1.60, soy directa y digo groser√≠as mucho. IG:krenyuh",0,1
"Gostos das conversas que fazem rir at√© doer, mas amo as conversas que me ensinam algo novo ou que podem mudar meu ponto de vista sobre alguma coisa.rnCampinas/SP",0,1
"adoro viajar, trabalhar rngosto de pagode e etc",0,0
"Sinceridad sobre todas las cosas, m√°s cuenta y ocho cuatro diecis√©is uno seies dos treinta y cuatro cincuenta",0,1
"am a single honest guy that hates lies , am a very caring guy that respect everyone especially women",0,0
sou uma pessoa agrad√°vel,0,0
"Like to meet people, travel, dance wash movies, good listener I am Spanish from Venezuela became USA citizen love to learn about different cultures respectful.",0,0
sou brasileira uma mulher que trabalha sou calmo um mulher que sabe oq que d√° vida,0,0
Get to know you won't regret it,0,0
"hola Soy madre soltera, te un hijo de un a√±o yo estoy haciendo todo lo posible por el, y ahora mismo no tengo trabajo y quiero encontrar uno, pero a nosotros los j√≥venes casi no nos dan trabajo, otra cosa si no respondo es porque no soy primum y no puedo responder",0,0
"Me gusta conversar, ver pel√≠culas, viajar, etc",0,0
"Eu tenho 1.75 de altura, gosto de ler de malha√ß√£o de jogar bola no fim de semana, gosto de viajar, e fa√ßo faculdade de psicologia!!",0,0
no puedo ablar rnaqui les dejo mi instragram chapizza82,0,1
"por ejemplo,me gusta la m√∫sica, salir con amigos",0,0
divertido y trabajador,0,0
"Me gusta comer bien y hacer deporte, vida al aire libre, prefiero ws once tres ciento cuarenta y uno veinticuatro tr",0,1
amante dela buena comida,0,0
Amo honestidade! sonho embora do Brasil!amo animais...sou muito comunicativa! e qu√≠mica √© respeito √© essencial em um encontro! ou relacionamento,0,0
"soy amante de la buena comida ,me gusta escuchar su buena musica y salir a trotar",0,0
Soy un joven tranquilo y amable que busca conocer a mujeres para hacer una amistad,0,0
Me gusta salir a pasiar fuera de mi ciudad y conocer nuevos lugares,0,0
Buen sentido del humor y soy venezolana,0,0
Soy muy divertido xd,0,0
me.gusta hacer nuevos amigos tener charlas de muchos temas y.de vez en cuando tomar un caf√© y ir al cine,0,0
por ejemplo me gusta la ganader√≠a. me gusta las huertas y los animales,0,0
"Estoy conociendo gente nueva. Soy muy amiguero. Y disfruto de todo: ciudad, playa, monta√±a. Ir al cine, a bailar, a comer algo rico, a explorar lugares nuevos, al teatro, quedarme en casa...rnS√≠ quiero conocer una buena mujer, una compa√±era de vida. S√© que eso toma tiempo. Dios y los poderes del bien me asisten, con esto y con todo. rn Estoy viendo c√≥mo es la din√°mica, por aqu√≠. Parece que sin Premium o VIP no pasa nada. rnMe quedo un rato. Y ya veremos...rnüôèüôè. Bendiciones.",0,0